<?xml version="1.0" encoding="UTF-8" standalone="yes" ?>
<!DOCTYPE boost_serialization>
<boost_serialization signature="serialization::archive" version="18">
<engine class_id="0" tracking_level="0" version="0">
	<topology_ class_id="1" tracking_level="0" version="0">
		<levels_ class_id="2" tracking_level="0" version="0">
			<count>4</count>
			<item_version>1</item_version>
			<item class_id="3" tracking_level="0" version="1">
				<px class_id="4" class_name="model::ArithmeticUnits" tracking_level="1" version="0" object_id="_0">
					<Level class_id="5" tracking_level="0" version="0"></Level>
					<specs_ class_id="6" tracking_level="0" version="0">
						<LevelSpecs class_id="7" tracking_level="0" version="0">
							<level_name>mac</level_name>
						</LevelSpecs>
						<instances class_id="8" tracking_level="0" version="0">
							<t_>4</t_>
						</instances>
						<meshX>
							<t_>4</t_>
						</meshX>
						<meshY>
							<t_>1</t_>
						</meshY>
						<word_bits>
							<t_>16</t_>
						</word_bits>
					</specs_>
					<energy_>2.13483400000000017e+02</energy_>
					<area_>9.31598022460937500e+02</area_>
					<cycles_>47</cycles_>
					<utilized_instances_>4</utilized_instances_>
					<avg_utilized_instances_>4</avg_utilized_instances_>
					<algorithmic_computes_>432</algorithmic_computes_>
					<random_computes_>188</random_computes_>
					<gated_computes_>0</gated_computes_>
					<skipped_computes_>0</skipped_computes_>
				</px>
			</item>
			<item>
				<px class_id="9" class_name="model::BufferLevel" tracking_level="1" version="0" object_id="_1">
					<Level></Level>
					<subnest_ class_id="10" tracking_level="0" version="0">
						<count>2</count>
						<item_version>0</item_version>
						<item class_id="11" tracking_level="0" version="0">
							<dimension>1</dimension>
							<start>0</start>
							<end>3</end>
							<stride>1</stride>
							<spacetime_dimension>0</spacetime_dimension>
						</item>
						<item>
							<dimension>2</dimension>
							<start>0</start>
							<end>9</end>
							<stride>1</stride>
							<spacetime_dimension>0</spacetime_dimension>
						</item>
					</subnest_>
					<specs_ class_id="12" tracking_level="0" version="0">
						<LevelSpecs>
							<level_name>Buffer</level_name>
						</LevelSpecs>
						<name class_id="13" tracking_level="0" version="0">
							<t_>Buffer</t_>
						</name>
						<technology class_id="14" tracking_level="0" version="0">
							<t_>0</t_>
						</technology>
						<size>
							<t_>128</t_>
						</size>
						<word_bits>
							<t_>8</t_>
						</word_bits>
						<addr_gen_bits>
							<t_>7</t_>
						</addr_gen_bits>
						<block_size>
							<t_>1</t_>
						</block_size>
						<cluster_size>
							<t_>1</t_>
						</cluster_size>
						<instances>
							<t_>4</t_>
						</instances>
						<meshX>
							<t_>4</t_>
						</meshX>
						<meshY>
							<t_>1</t_>
						</meshY>
						<shared_bandwidth class_id="15" tracking_level="0" version="0"></shared_bandwidth>
						<read_bandwidth></read_bandwidth>
						<write_bandwidth></write_bandwidth>
						<bandwidth_consumption_scale class_id="16" tracking_level="0" version="0">
							<PerDataSpace>
								<item>1.00000000000000000e+00</item>
								<item>1.00000000000000000e+00</item>
								<item>1.00000000000000000e+00</item>
								<item>0.00000000000000000e+00</item>
								<item>0.00000000000000000e+00</item>
							</PerDataSpace>
						</bandwidth_consumption_scale>
						<multiple_buffering>
							<t_>1.00000000000000000e+00</t_>
						</multiple_buffering>
						<min_utilization>
							<t_>0.00000000000000000e+00</t_>
						</min_utilization>
						<num_ports>
							<t_>2</t_>
						</num_ports>
						<num_banks>
							<t_>2</t_>
						</num_banks>
						<read_network_name></read_network_name>
						<fill_network_name></fill_network_name>
						<drain_network_name></drain_network_name>
						<update_network_name></update_network_name>
						<power_gated_at_name>
							<t_>Buffer</t_>
						</power_gated_at_name>
					</specs_>
					<stats_ class_id="17" tracking_level="0" version="0">
						<keep class_id="18" tracking_level="0" version="0">
							<PerDataSpace>
								<item>0</item>
								<item>1</item>
								<item>0</item>
								<item>0</item>
								<item>0</item>
							</PerDataSpace>
						</keep>
						<partition_size class_id="19" tracking_level="0" version="0">
							<PerDataSpace>
								<item>0</item>
								<item>11</item>
								<item>0</item>
								<item>0</item>
								<item>0</item>
							</PerDataSpace>
						</partition_size>
						<utilized_capacity>
							<PerDataSpace>
								<item>0</item>
								<item>11</item>
								<item>0</item>
								<item>0</item>
								<item>0</item>
							</PerDataSpace>
						</utilized_capacity>
						<utilized_instances>
							<PerDataSpace>
								<item>4.00000000000000000e+00</item>
								<item>4.00000000000000000e+00</item>
								<item>4.00000000000000000e+00</item>
								<item>0.00000000000000000e+00</item>
								<item>0.00000000000000000e+00</item>
							</PerDataSpace>
						</utilized_instances>
						<utilized_clusters>
							<PerDataSpace>
								<item>4</item>
								<item>4</item>
								<item>4</item>
								<item>0</item>
								<item>0</item>
							</PerDataSpace>
						</utilized_clusters>
						<reads>
							<PerDataSpace>
								<item>0</item>
								<item>108</item>
								<item>0</item>
								<item>0</item>
								<item>0</item>
							</PerDataSpace>
						</reads>
						<updates>
							<PerDataSpace>
								<item>0</item>
								<item>0</item>
								<item>0</item>
								<item>0</item>
								<item>0</item>
							</PerDataSpace>
						</updates>
						<fills>
							<PerDataSpace>
								<item>0</item>
								<item>11</item>
								<item>0</item>
								<item>0</item>
								<item>0</item>
							</PerDataSpace>
						</fills>
						<gated_reads>
							<PerDataSpace>
								<item>0</item>
								<item>0</item>
								<item>0</item>
								<item>0</item>
								<item>0</item>
							</PerDataSpace>
						</gated_reads>
						<skipped_reads>
							<PerDataSpace>
								<item>0</item>
								<item>61</item>
								<item>0</item>
								<item>0</item>
								<item>0</item>
							</PerDataSpace>
						</skipped_reads>
						<random_reads>
							<PerDataSpace>
								<item>0</item>
								<item>47</item>
								<item>0</item>
								<item>0</item>
								<item>0</item>
							</PerDataSpace>
						</random_reads>
						<gated_fills>
							<PerDataSpace>
								<item>0</item>
								<item>0</item>
								<item>0</item>
								<item>0</item>
								<item>0</item>
							</PerDataSpace>
						</gated_fills>
						<skipped_fills>
							<PerDataSpace>
								<item>0</item>
								<item>0</item>
								<item>0</item>
								<item>0</item>
								<item>0</item>
							</PerDataSpace>
						</skipped_fills>
						<random_fills>
							<PerDataSpace>
								<item>0</item>
								<item>11</item>
								<item>0</item>
								<item>0</item>
								<item>0</item>
							</PerDataSpace>
						</random_fills>
						<gated_updates>
							<PerDataSpace>
								<item>0</item>
								<item>0</item>
								<item>0</item>
								<item>0</item>
								<item>0</item>
							</PerDataSpace>
						</gated_updates>
						<skipped_updates>
							<PerDataSpace>
								<item>0</item>
								<item>0</item>
								<item>0</item>
								<item>0</item>
								<item>0</item>
							</PerDataSpace>
						</skipped_updates>
						<random_updates>
							<PerDataSpace>
								<item>0</item>
								<item>0</item>
								<item>0</item>
								<item>0</item>
								<item>0</item>
							</PerDataSpace>
						</random_updates>
						<random_format_reads class_id="20" tracking_level="0" version="0">
							<PerDataSpace>
								<item class_id="21" tracking_level="0" version="0">
									<count>0</count>
									<item_version>0</item_version>
								</item>
								<item>
									<count>0</count>
									<item_version>0</item_version>
								</item>
								<item>
									<count>0</count>
									<item_version>0</item_version>
								</item>
								<item>
									<count>0</count>
									<item_version>0</item_version>
								</item>
								<item>
									<count>0</count>
									<item_version>0</item_version>
								</item>
							</PerDataSpace>
						</random_format_reads>
						<gated_format_reads>
							<PerDataSpace>
								<item>
									<count>0</count>
									<item_version>0</item_version>
								</item>
								<item>
									<count>0</count>
									<item_version>0</item_version>
								</item>
								<item>
									<count>0</count>
									<item_version>0</item_version>
								</item>
								<item>
									<count>0</count>
									<item_version>0</item_version>
								</item>
								<item>
									<count>0</count>
									<item_version>0</item_version>
								</item>
							</PerDataSpace>
						</gated_format_reads>
						<skipped_format_reads>
							<PerDataSpace>
								<item>
									<count>0</count>
									<item_version>0</item_version>
								</item>
								<item>
									<count>0</count>
									<item_version>0</item_version>
								</item>
								<item>
									<count>0</count>
									<item_version>0</item_version>
								</item>
								<item>
									<count>0</count>
									<item_version>0</item_version>
								</item>
								<item>
									<count>0</count>
									<item_version>0</item_version>
								</item>
							</PerDataSpace>
						</skipped_format_reads>
						<random_format_fills>
							<PerDataSpace>
								<item>
									<count>0</count>
									<item_version>0</item_version>
								</item>
								<item>
									<count>0</count>
									<item_version>0</item_version>
								</item>
								<item>
									<count>0</count>
									<item_version>0</item_version>
								</item>
								<item>
									<count>0</count>
									<item_version>0</item_version>
								</item>
								<item>
									<count>0</count>
									<item_version>0</item_version>
								</item>
							</PerDataSpace>
						</random_format_fills>
						<gated_format_fills>
							<PerDataSpace>
								<item>
									<count>0</count>
									<item_version>0</item_version>
								</item>
								<item>
									<count>0</count>
									<item_version>0</item_version>
								</item>
								<item>
									<count>0</count>
									<item_version>0</item_version>
								</item>
								<item>
									<count>0</count>
									<item_version>0</item_version>
								</item>
								<item>
									<count>0</count>
									<item_version>0</item_version>
								</item>
							</PerDataSpace>
						</gated_format_fills>
						<skipped_format_fills>
							<PerDataSpace>
								<item>
									<count>0</count>
									<item_version>0</item_version>
								</item>
								<item>
									<count>0</count>
									<item_version>0</item_version>
								</item>
								<item>
									<count>0</count>
									<item_version>0</item_version>
								</item>
								<item>
									<count>0</count>
									<item_version>0</item_version>
								</item>
								<item>
									<count>0</count>
									<item_version>0</item_version>
								</item>
							</PerDataSpace>
						</skipped_format_fills>
						<random_format_updates>
							<PerDataSpace>
								<item>
									<count>0</count>
									<item_version>0</item_version>
								</item>
								<item>
									<count>0</count>
									<item_version>0</item_version>
								</item>
								<item>
									<count>0</count>
									<item_version>0</item_version>
								</item>
								<item>
									<count>0</count>
									<item_version>0</item_version>
								</item>
								<item>
									<count>0</count>
									<item_version>0</item_version>
								</item>
							</PerDataSpace>
						</random_format_updates>
						<gated_format_updates>
							<PerDataSpace>
								<item>
									<count>0</count>
									<item_version>0</item_version>
								</item>
								<item>
									<count>0</count>
									<item_version>0</item_version>
								</item>
								<item>
									<count>0</count>
									<item_version>0</item_version>
								</item>
								<item>
									<count>0</count>
									<item_version>0</item_version>
								</item>
								<item>
									<count>0</count>
									<item_version>0</item_version>
								</item>
							</PerDataSpace>
						</gated_format_updates>
						<skipped_format_updates>
							<PerDataSpace>
								<item>
									<count>0</count>
									<item_version>0</item_version>
								</item>
								<item>
									<count>0</count>
									<item_version>0</item_version>
								</item>
								<item>
									<count>0</count>
									<item_version>0</item_version>
								</item>
								<item>
									<count>0</count>
									<item_version>0</item_version>
								</item>
								<item>
									<count>0</count>
									<item_version>0</item_version>
								</item>
							</PerDataSpace>
						</skipped_format_updates>
						<decompression_counts>
							<PerDataSpace>
								<item>0</item>
								<item>0</item>
								<item>0</item>
								<item>0</item>
								<item>0</item>
							</PerDataSpace>
						</decompression_counts>
						<compression_counts>
							<PerDataSpace>
								<item>0</item>
								<item>0</item>
								<item>0</item>
								<item>0</item>
								<item>0</item>
							</PerDataSpace>
						</compression_counts>
						<address_generations>
							<PerDataSpace>
								<item>0</item>
								<item>58</item>
								<item>0</item>
								<item>0</item>
								<item>0</item>
							</PerDataSpace>
						</address_generations>
						<temporal_reductions>
							<PerDataSpace>
								<item>0</item>
								<item>0</item>
								<item>0</item>
								<item>0</item>
								<item>0</item>
							</PerDataSpace>
						</temporal_reductions>
						<shared_bandwidth>
							<PerDataSpace>
								<item>0.00000000000000000e+00</item>
								<item>1.23404255319148937e+00</item>
								<item>0.00000000000000000e+00</item>
								<item>0.00000000000000000e+00</item>
								<item>0.00000000000000000e+00</item>
							</PerDataSpace>
						</shared_bandwidth>
						<read_bandwidth>
							<PerDataSpace>
								<item>0.00000000000000000e+00</item>
								<item>1.00000000000000000e+00</item>
								<item>0.00000000000000000e+00</item>
								<item>0.00000000000000000e+00</item>
								<item>0.00000000000000000e+00</item>
							</PerDataSpace>
						</read_bandwidth>
						<write_bandwidth>
							<PerDataSpace>
								<item>0.00000000000000000e+00</item>
								<item>2.34042553191489366e-01</item>
								<item>0.00000000000000000e+00</item>
								<item>0.00000000000000000e+00</item>
								<item>0.00000000000000000e+00</item>
							</PerDataSpace>
						</write_bandwidth>
						<energy_per_algorithmic_access>
							<PerDataSpace>
								<item>-nan</item>
								<item>6.39916638655462222e-01</item>
								<item>-nan</item>
								<item>0.00000000000000000e+00</item>
								<item>0.00000000000000000e+00</item>
							</PerDataSpace>
						</energy_per_algorithmic_access>
						<energy_per_access>
							<PerDataSpace>
								<item>-nan</item>
								<item>1.31293241379310355e+00</item>
								<item>-nan</item>
								<item>0.00000000000000000e+00</item>
								<item>0.00000000000000000e+00</item>
							</PerDataSpace>
						</energy_per_access>
						<energy>
							<PerDataSpace>
								<item>0.00000000000000000e+00</item>
								<item>7.61500800000000027e+01</item>
								<item>0.00000000000000000e+00</item>
								<item>0.00000000000000000e+00</item>
								<item>0.00000000000000000e+00</item>
							</PerDataSpace>
						</energy>
						<temporal_reduction_energy>
							<PerDataSpace>
								<item>0.00000000000000000e+00</item>
								<item>0.00000000000000000e+00</item>
								<item>0.00000000000000000e+00</item>
								<item>0.00000000000000000e+00</item>
								<item>0.00000000000000000e+00</item>
							</PerDataSpace>
						</temporal_reduction_energy>
						<addr_gen_energy>
							<PerDataSpace>
								<item>0.00000000000000000e+00</item>
								<item>0.00000000000000000e+00</item>
								<item>0.00000000000000000e+00</item>
								<item>0.00000000000000000e+00</item>
								<item>0.00000000000000000e+00</item>
							</PerDataSpace>
						</addr_gen_energy>
						<cycles>47</cycles>
						<slowdown>1.00000000000000000e+00</slowdown>
						<format_shared_bandwidth_ratio>
							<PerDataSpace>
								<item>0.00000000000000000e+00</item>
								<item>0.00000000000000000e+00</item>
								<item>0.00000000000000000e+00</item>
								<item>0.00000000000000000e+00</item>
								<item>0.00000000000000000e+00</item>
							</PerDataSpace>
						</format_shared_bandwidth_ratio>
						<format_read_bandwidth_ratio>
							<PerDataSpace>
								<item>0.00000000000000000e+00</item>
								<item>0.00000000000000000e+00</item>
								<item>0.00000000000000000e+00</item>
								<item>0.00000000000000000e+00</item>
								<item>0.00000000000000000e+00</item>
							</PerDataSpace>
						</format_read_bandwidth_ratio>
						<format_write_bandwidth_ratio>
							<PerDataSpace>
								<item>0.00000000000000000e+00</item>
								<item>0.00000000000000000e+00</item>
								<item>0.00000000000000000e+00</item>
								<item>0.00000000000000000e+00</item>
								<item>0.00000000000000000e+00</item>
							</PerDataSpace>
						</format_write_bandwidth_ratio>
					</stats_>
				</px>
			</item>
			<item>
				<px class_id_reference="9" object_id="_2">
					<Level></Level>
					<subnest_>
						<count>2</count>
						<item_version>0</item_version>
						<item>
							<dimension>0</dimension>
							<start>0</start>
							<end>4</end>
							<stride>1</stride>
							<spacetime_dimension>1</spacetime_dimension>
						</item>
						<item>
							<dimension>2</dimension>
							<start>0</start>
							<end>1</end>
							<stride>1</stride>
							<spacetime_dimension>0</spacetime_dimension>
						</item>
					</subnest_>
					<specs_>
						<LevelSpecs>
							<level_name>inter_PE_spatial</level_name>
						</LevelSpecs>
						<name>
							<t_>inter_PE_spatial</t_>
						</name>
						<technology>
							<t_>0</t_>
						</technology>
						<size>
							<t_>1</t_>
						</size>
						<word_bits>
							<t_>1</t_>
						</word_bits>
						<addr_gen_bits>
							<t_>0</t_>
						</addr_gen_bits>
						<block_size>
							<t_>1</t_>
						</block_size>
						<cluster_size>
							<t_>1</t_>
						</cluster_size>
						<instances>
							<t_>1</t_>
						</instances>
						<meshX>
							<t_>1</t_>
						</meshX>
						<meshY>
							<t_>1</t_>
						</meshY>
						<shared_bandwidth></shared_bandwidth>
						<read_bandwidth></read_bandwidth>
						<write_bandwidth></write_bandwidth>
						<bandwidth_consumption_scale>
							<PerDataSpace>
								<item>1.00000000000000000e+00</item>
								<item>1.00000000000000000e+00</item>
								<item>1.00000000000000000e+00</item>
								<item>0.00000000000000000e+00</item>
								<item>0.00000000000000000e+00</item>
							</PerDataSpace>
						</bandwidth_consumption_scale>
						<multiple_buffering>
							<t_>1.00000000000000000e+00</t_>
						</multiple_buffering>
						<min_utilization>
							<t_>0.00000000000000000e+00</t_>
						</min_utilization>
						<num_ports>
							<t_>2</t_>
						</num_ports>
						<num_banks>
							<t_>2</t_>
						</num_banks>
						<read_network_name></read_network_name>
						<fill_network_name></fill_network_name>
						<drain_network_name></drain_network_name>
						<update_network_name></update_network_name>
						<power_gated_at_name>
							<t_>inter_PE_spatial</t_>
						</power_gated_at_name>
					</specs_>
					<stats_>
						<keep>
							<PerDataSpace>
								<item>0</item>
								<item>0</item>
								<item>0</item>
								<item>0</item>
								<item>0</item>
							</PerDataSpace>
						</keep>
						<partition_size>
							<PerDataSpace>
								<item>0</item>
								<item>0</item>
								<item>0</item>
								<item>0</item>
								<item>0</item>
							</PerDataSpace>
						</partition_size>
						<utilized_capacity>
							<PerDataSpace>
								<item>0</item>
								<item>0</item>
								<item>0</item>
								<item>0</item>
								<item>0</item>
							</PerDataSpace>
						</utilized_capacity>
						<utilized_instances>
							<PerDataSpace>
								<item>1.00000000000000000e+00</item>
								<item>1.00000000000000000e+00</item>
								<item>1.00000000000000000e+00</item>
								<item>0.00000000000000000e+00</item>
								<item>0.00000000000000000e+00</item>
							</PerDataSpace>
						</utilized_instances>
						<utilized_clusters>
							<PerDataSpace>
								<item>1</item>
								<item>1</item>
								<item>1</item>
								<item>0</item>
								<item>0</item>
							</PerDataSpace>
						</utilized_clusters>
						<reads>
							<PerDataSpace>
								<item>0</item>
								<item>0</item>
								<item>0</item>
								<item>0</item>
								<item>0</item>
							</PerDataSpace>
						</reads>
						<updates>
							<PerDataSpace>
								<item>0</item>
								<item>0</item>
								<item>0</item>
								<item>0</item>
								<item>0</item>
							</PerDataSpace>
						</updates>
						<fills>
							<PerDataSpace>
								<item>0</item>
								<item>0</item>
								<item>0</item>
								<item>0</item>
								<item>0</item>
							</PerDataSpace>
						</fills>
						<gated_reads>
							<PerDataSpace>
								<item>0</item>
								<item>0</item>
								<item>0</item>
								<item>0</item>
								<item>0</item>
							</PerDataSpace>
						</gated_reads>
						<skipped_reads>
							<PerDataSpace>
								<item>0</item>
								<item>0</item>
								<item>0</item>
								<item>0</item>
								<item>0</item>
							</PerDataSpace>
						</skipped_reads>
						<random_reads>
							<PerDataSpace>
								<item>0</item>
								<item>0</item>
								<item>0</item>
								<item>0</item>
								<item>0</item>
							</PerDataSpace>
						</random_reads>
						<gated_fills>
							<PerDataSpace>
								<item>0</item>
								<item>0</item>
								<item>0</item>
								<item>0</item>
								<item>0</item>
							</PerDataSpace>
						</gated_fills>
						<skipped_fills>
							<PerDataSpace>
								<item>0</item>
								<item>0</item>
								<item>0</item>
								<item>0</item>
								<item>0</item>
							</PerDataSpace>
						</skipped_fills>
						<random_fills>
							<PerDataSpace>
								<item>0</item>
								<item>0</item>
								<item>0</item>
								<item>0</item>
								<item>0</item>
							</PerDataSpace>
						</random_fills>
						<gated_updates>
							<PerDataSpace>
								<item>0</item>
								<item>0</item>
								<item>0</item>
								<item>0</item>
								<item>0</item>
							</PerDataSpace>
						</gated_updates>
						<skipped_updates>
							<PerDataSpace>
								<item>0</item>
								<item>0</item>
								<item>0</item>
								<item>0</item>
								<item>0</item>
							</PerDataSpace>
						</skipped_updates>
						<random_updates>
							<PerDataSpace>
								<item>0</item>
								<item>0</item>
								<item>0</item>
								<item>0</item>
								<item>0</item>
							</PerDataSpace>
						</random_updates>
						<random_format_reads>
							<PerDataSpace>
								<item>
									<count>0</count>
									<item_version>0</item_version>
								</item>
								<item>
									<count>0</count>
									<item_version>0</item_version>
								</item>
								<item>
									<count>0</count>
									<item_version>0</item_version>
								</item>
								<item>
									<count>0</count>
									<item_version>0</item_version>
								</item>
								<item>
									<count>0</count>
									<item_version>0</item_version>
								</item>
							</PerDataSpace>
						</random_format_reads>
						<gated_format_reads>
							<PerDataSpace>
								<item>
									<count>0</count>
									<item_version>0</item_version>
								</item>
								<item>
									<count>0</count>
									<item_version>0</item_version>
								</item>
								<item>
									<count>0</count>
									<item_version>0</item_version>
								</item>
								<item>
									<count>0</count>
									<item_version>0</item_version>
								</item>
								<item>
									<count>0</count>
									<item_version>0</item_version>
								</item>
							</PerDataSpace>
						</gated_format_reads>
						<skipped_format_reads>
							<PerDataSpace>
								<item>
									<count>0</count>
									<item_version>0</item_version>
								</item>
								<item>
									<count>0</count>
									<item_version>0</item_version>
								</item>
								<item>
									<count>0</count>
									<item_version>0</item_version>
								</item>
								<item>
									<count>0</count>
									<item_version>0</item_version>
								</item>
								<item>
									<count>0</count>
									<item_version>0</item_version>
								</item>
							</PerDataSpace>
						</skipped_format_reads>
						<random_format_fills>
							<PerDataSpace>
								<item>
									<count>0</count>
									<item_version>0</item_version>
								</item>
								<item>
									<count>0</count>
									<item_version>0</item_version>
								</item>
								<item>
									<count>0</count>
									<item_version>0</item_version>
								</item>
								<item>
									<count>0</count>
									<item_version>0</item_version>
								</item>
								<item>
									<count>0</count>
									<item_version>0</item_version>
								</item>
							</PerDataSpace>
						</random_format_fills>
						<gated_format_fills>
							<PerDataSpace>
								<item>
									<count>0</count>
									<item_version>0</item_version>
								</item>
								<item>
									<count>0</count>
									<item_version>0</item_version>
								</item>
								<item>
									<count>0</count>
									<item_version>0</item_version>
								</item>
								<item>
									<count>0</count>
									<item_version>0</item_version>
								</item>
								<item>
									<count>0</count>
									<item_version>0</item_version>
								</item>
							</PerDataSpace>
						</gated_format_fills>
						<skipped_format_fills>
							<PerDataSpace>
								<item>
									<count>0</count>
									<item_version>0</item_version>
								</item>
								<item>
									<count>0</count>
									<item_version>0</item_version>
								</item>
								<item>
									<count>0</count>
									<item_version>0</item_version>
								</item>
								<item>
									<count>0</count>
									<item_version>0</item_version>
								</item>
								<item>
									<count>0</count>
									<item_version>0</item_version>
								</item>
							</PerDataSpace>
						</skipped_format_fills>
						<random_format_updates>
							<PerDataSpace>
								<item>
									<count>0</count>
									<item_version>0</item_version>
								</item>
								<item>
									<count>0</count>
									<item_version>0</item_version>
								</item>
								<item>
									<count>0</count>
									<item_version>0</item_version>
								</item>
								<item>
									<count>0</count>
									<item_version>0</item_version>
								</item>
								<item>
									<count>0</count>
									<item_version>0</item_version>
								</item>
							</PerDataSpace>
						</random_format_updates>
						<gated_format_updates>
							<PerDataSpace>
								<item>
									<count>0</count>
									<item_version>0</item_version>
								</item>
								<item>
									<count>0</count>
									<item_version>0</item_version>
								</item>
								<item>
									<count>0</count>
									<item_version>0</item_version>
								</item>
								<item>
									<count>0</count>
									<item_version>0</item_version>
								</item>
								<item>
									<count>0</count>
									<item_version>0</item_version>
								</item>
							</PerDataSpace>
						</gated_format_updates>
						<skipped_format_updates>
							<PerDataSpace>
								<item>
									<count>0</count>
									<item_version>0</item_version>
								</item>
								<item>
									<count>0</count>
									<item_version>0</item_version>
								</item>
								<item>
									<count>0</count>
									<item_version>0</item_version>
								</item>
								<item>
									<count>0</count>
									<item_version>0</item_version>
								</item>
								<item>
									<count>0</count>
									<item_version>0</item_version>
								</item>
							</PerDataSpace>
						</skipped_format_updates>
						<decompression_counts>
							<PerDataSpace>
								<item>0</item>
								<item>0</item>
								<item>0</item>
								<item>0</item>
								<item>0</item>
							</PerDataSpace>
						</decompression_counts>
						<compression_counts>
							<PerDataSpace>
								<item>0</item>
								<item>0</item>
								<item>0</item>
								<item>0</item>
								<item>0</item>
							</PerDataSpace>
						</compression_counts>
						<address_generations>
							<PerDataSpace>
								<item>0</item>
								<item>0</item>
								<item>0</item>
								<item>0</item>
								<item>0</item>
							</PerDataSpace>
						</address_generations>
						<temporal_reductions>
							<PerDataSpace>
								<item>0</item>
								<item>0</item>
								<item>0</item>
								<item>0</item>
								<item>0</item>
							</PerDataSpace>
						</temporal_reductions>
						<shared_bandwidth>
							<PerDataSpace>
								<item>0.00000000000000000e+00</item>
								<item>0.00000000000000000e+00</item>
								<item>0.00000000000000000e+00</item>
								<item>0.00000000000000000e+00</item>
								<item>0.00000000000000000e+00</item>
							</PerDataSpace>
						</shared_bandwidth>
						<read_bandwidth>
							<PerDataSpace>
								<item>0.00000000000000000e+00</item>
								<item>0.00000000000000000e+00</item>
								<item>0.00000000000000000e+00</item>
								<item>0.00000000000000000e+00</item>
								<item>0.00000000000000000e+00</item>
							</PerDataSpace>
						</read_bandwidth>
						<write_bandwidth>
							<PerDataSpace>
								<item>0.00000000000000000e+00</item>
								<item>0.00000000000000000e+00</item>
								<item>0.00000000000000000e+00</item>
								<item>0.00000000000000000e+00</item>
								<item>0.00000000000000000e+00</item>
							</PerDataSpace>
						</write_bandwidth>
						<energy_per_algorithmic_access>
							<PerDataSpace>
								<item>-nan</item>
								<item>-nan</item>
								<item>-nan</item>
								<item>0.00000000000000000e+00</item>
								<item>0.00000000000000000e+00</item>
							</PerDataSpace>
						</energy_per_algorithmic_access>
						<energy_per_access>
							<PerDataSpace>
								<item>-nan</item>
								<item>-nan</item>
								<item>-nan</item>
								<item>0.00000000000000000e+00</item>
								<item>0.00000000000000000e+00</item>
							</PerDataSpace>
						</energy_per_access>
						<energy>
							<PerDataSpace>
								<item>0.00000000000000000e+00</item>
								<item>0.00000000000000000e+00</item>
								<item>0.00000000000000000e+00</item>
								<item>0.00000000000000000e+00</item>
								<item>0.00000000000000000e+00</item>
							</PerDataSpace>
						</energy>
						<temporal_reduction_energy>
							<PerDataSpace>
								<item>0.00000000000000000e+00</item>
								<item>0.00000000000000000e+00</item>
								<item>0.00000000000000000e+00</item>
								<item>0.00000000000000000e+00</item>
								<item>0.00000000000000000e+00</item>
							</PerDataSpace>
						</temporal_reduction_energy>
						<addr_gen_energy>
							<PerDataSpace>
								<item>0.00000000000000000e+00</item>
								<item>0.00000000000000000e+00</item>
								<item>0.00000000000000000e+00</item>
								<item>0.00000000000000000e+00</item>
								<item>0.00000000000000000e+00</item>
							</PerDataSpace>
						</addr_gen_energy>
						<cycles>47</cycles>
						<slowdown>1.00000000000000000e+00</slowdown>
						<format_shared_bandwidth_ratio>
							<PerDataSpace>
								<item>0.00000000000000000e+00</item>
								<item>0.00000000000000000e+00</item>
								<item>0.00000000000000000e+00</item>
								<item>0.00000000000000000e+00</item>
								<item>0.00000000000000000e+00</item>
							</PerDataSpace>
						</format_shared_bandwidth_ratio>
						<format_read_bandwidth_ratio>
							<PerDataSpace>
								<item>0.00000000000000000e+00</item>
								<item>0.00000000000000000e+00</item>
								<item>0.00000000000000000e+00</item>
								<item>0.00000000000000000e+00</item>
								<item>0.00000000000000000e+00</item>
							</PerDataSpace>
						</format_read_bandwidth_ratio>
						<format_write_bandwidth_ratio>
							<PerDataSpace>
								<item>0.00000000000000000e+00</item>
								<item>0.00000000000000000e+00</item>
								<item>0.00000000000000000e+00</item>
								<item>0.00000000000000000e+00</item>
								<item>0.00000000000000000e+00</item>
							</PerDataSpace>
						</format_write_bandwidth_ratio>
					</stats_>
				</px>
			</item>
			<item>
				<px class_id_reference="9" object_id="_3">
					<Level></Level>
					<subnest_>
						<count>1</count>
						<item_version>0</item_version>
						<item>
							<dimension>0</dimension>
							<start>0</start>
							<end>4</end>
							<stride>1</stride>
							<spacetime_dimension>0</spacetime_dimension>
						</item>
					</subnest_>
					<specs_>
						<LevelSpecs>
							<level_name>BackingStorage</level_name>
						</LevelSpecs>
						<name>
							<t_>BackingStorage</t_>
						</name>
						<technology>
							<t_>0</t_>
						</technology>
						<size>
							<t_>2048</t_>
						</size>
						<word_bits>
							<t_>8</t_>
						</word_bits>
						<addr_gen_bits>
							<t_>9</t_>
						</addr_gen_bits>
						<block_size>
							<t_>4</t_>
						</block_size>
						<cluster_size>
							<t_>1</t_>
						</cluster_size>
						<instances>
							<t_>1</t_>
						</instances>
						<meshX>
							<t_>1</t_>
						</meshX>
						<meshY>
							<t_>1</t_>
						</meshY>
						<shared_bandwidth></shared_bandwidth>
						<read_bandwidth></read_bandwidth>
						<write_bandwidth></write_bandwidth>
						<bandwidth_consumption_scale>
							<PerDataSpace>
								<item>1.00000000000000000e+00</item>
								<item>1.00000000000000000e+00</item>
								<item>1.00000000000000000e+00</item>
								<item>0.00000000000000000e+00</item>
								<item>0.00000000000000000e+00</item>
							</PerDataSpace>
						</bandwidth_consumption_scale>
						<multiple_buffering>
							<t_>1.00000000000000000e+00</t_>
						</multiple_buffering>
						<min_utilization>
							<t_>0.00000000000000000e+00</t_>
						</min_utilization>
						<num_ports>
							<t_>2</t_>
						</num_ports>
						<num_banks>
							<t_>2</t_>
						</num_banks>
						<read_network_name></read_network_name>
						<fill_network_name></fill_network_name>
						<drain_network_name></drain_network_name>
						<update_network_name></update_network_name>
						<power_gated_at_name>
							<t_>BackingStorage</t_>
						</power_gated_at_name>
					</specs_>
					<stats_>
						<keep>
							<PerDataSpace>
								<item>1</item>
								<item>1</item>
								<item>1</item>
								<item>0</item>
								<item>0</item>
							</PerDataSpace>
						</keep>
						<partition_size>
							<PerDataSpace>
								<item>48</item>
								<item>11</item>
								<item>144</item>
								<item>0</item>
								<item>0</item>
							</PerDataSpace>
						</partition_size>
						<utilized_capacity>
							<PerDataSpace>
								<item>21</item>
								<item>11</item>
								<item>144</item>
								<item>0</item>
								<item>0</item>
							</PerDataSpace>
						</utilized_capacity>
						<utilized_instances>
							<PerDataSpace>
								<item>1.00000000000000000e+00</item>
								<item>1.00000000000000000e+00</item>
								<item>1.00000000000000000e+00</item>
								<item>0.00000000000000000e+00</item>
								<item>0.00000000000000000e+00</item>
							</PerDataSpace>
						</utilized_instances>
						<utilized_clusters>
							<PerDataSpace>
								<item>1</item>
								<item>1</item>
								<item>1</item>
								<item>0</item>
								<item>0</item>
							</PerDataSpace>
						</utilized_clusters>
						<reads>
							<PerDataSpace>
								<item>432</item>
								<item>11</item>
								<item>288</item>
								<item>0</item>
								<item>0</item>
							</PerDataSpace>
						</reads>
						<updates>
							<PerDataSpace>
								<item>0</item>
								<item>0</item>
								<item>432</item>
								<item>0</item>
								<item>0</item>
							</PerDataSpace>
						</updates>
						<fills>
							<PerDataSpace>
								<item>0</item>
								<item>0</item>
								<item>0</item>
								<item>0</item>
								<item>0</item>
							</PerDataSpace>
						</fills>
						<gated_reads>
							<PerDataSpace>
								<item>0</item>
								<item>0</item>
								<item>0</item>
								<item>0</item>
								<item>0</item>
							</PerDataSpace>
						</gated_reads>
						<skipped_reads>
							<PerDataSpace>
								<item>0</item>
								<item>0</item>
								<item>0</item>
								<item>0</item>
								<item>0</item>
							</PerDataSpace>
						</skipped_reads>
						<random_reads>
							<PerDataSpace>
								<item>188</item>
								<item>11</item>
								<item>288</item>
								<item>0</item>
								<item>0</item>
							</PerDataSpace>
						</random_reads>
						<gated_fills>
							<PerDataSpace>
								<item>0</item>
								<item>0</item>
								<item>0</item>
								<item>0</item>
								<item>0</item>
							</PerDataSpace>
						</gated_fills>
						<skipped_fills>
							<PerDataSpace>
								<item>0</item>
								<item>0</item>
								<item>0</item>
								<item>0</item>
								<item>0</item>
							</PerDataSpace>
						</skipped_fills>
						<random_fills>
							<PerDataSpace>
								<item>0</item>
								<item>0</item>
								<item>0</item>
								<item>0</item>
								<item>0</item>
							</PerDataSpace>
						</random_fills>
						<gated_updates>
							<PerDataSpace>
								<item>0</item>
								<item>0</item>
								<item>0</item>
								<item>0</item>
								<item>0</item>
							</PerDataSpace>
						</gated_updates>
						<skipped_updates>
							<PerDataSpace>
								<item>0</item>
								<item>0</item>
								<item>0</item>
								<item>0</item>
								<item>0</item>
							</PerDataSpace>
						</skipped_updates>
						<random_updates>
							<PerDataSpace>
								<item>0</item>
								<item>0</item>
								<item>432</item>
								<item>0</item>
								<item>0</item>
							</PerDataSpace>
						</random_updates>
						<random_format_reads>
							<PerDataSpace>
								<item>
									<count>3</count>
									<item_version>0</item_version>
									<item>
										<count>2</count>
										<item_version>0</item_version>
										<item>188</item>
										<item>0</item>
									</item>
									<item>
										<count>2</count>
										<item_version>0</item_version>
										<item>0</item>
										<item>180</item>
									</item>
									<item>
										<count>2</count>
										<item_version>0</item_version>
										<item>0</item>
										<item>45</item>
									</item>
								</item>
								<item>
									<count>0</count>
									<item_version>0</item_version>
								</item>
								<item>
									<count>0</count>
									<item_version>0</item_version>
								</item>
								<item>
									<count>0</count>
									<item_version>0</item_version>
								</item>
								<item>
									<count>0</count>
									<item_version>0</item_version>
								</item>
							</PerDataSpace>
						</random_format_reads>
						<gated_format_reads>
							<PerDataSpace>
								<item>
									<count>3</count>
									<item_version>0</item_version>
									<item>
										<count>2</count>
										<item_version>0</item_version>
										<item>0</item>
										<item>0</item>
									</item>
									<item>
										<count>2</count>
										<item_version>0</item_version>
										<item>0</item>
										<item>0</item>
									</item>
									<item>
										<count>2</count>
										<item_version>0</item_version>
										<item>0</item>
										<item>0</item>
									</item>
								</item>
								<item>
									<count>0</count>
									<item_version>0</item_version>
								</item>
								<item>
									<count>0</count>
									<item_version>0</item_version>
								</item>
								<item>
									<count>0</count>
									<item_version>0</item_version>
								</item>
								<item>
									<count>0</count>
									<item_version>0</item_version>
								</item>
							</PerDataSpace>
						</gated_format_reads>
						<skipped_format_reads>
							<PerDataSpace>
								<item>
									<count>3</count>
									<item_version>0</item_version>
									<item>
										<count>2</count>
										<item_version>0</item_version>
										<item>0</item>
										<item>0</item>
									</item>
									<item>
										<count>2</count>
										<item_version>0</item_version>
										<item>0</item>
										<item>0</item>
									</item>
									<item>
										<count>2</count>
										<item_version>0</item_version>
										<item>0</item>
										<item>0</item>
									</item>
								</item>
								<item>
									<count>0</count>
									<item_version>0</item_version>
								</item>
								<item>
									<count>0</count>
									<item_version>0</item_version>
								</item>
								<item>
									<count>0</count>
									<item_version>0</item_version>
								</item>
								<item>
									<count>0</count>
									<item_version>0</item_version>
								</item>
							</PerDataSpace>
						</skipped_format_reads>
						<random_format_fills>
							<PerDataSpace>
								<item>
									<count>3</count>
									<item_version>0</item_version>
									<item>
										<count>2</count>
										<item_version>0</item_version>
										<item>0</item>
										<item>0</item>
									</item>
									<item>
										<count>2</count>
										<item_version>0</item_version>
										<item>0</item>
										<item>0</item>
									</item>
									<item>
										<count>2</count>
										<item_version>0</item_version>
										<item>0</item>
										<item>0</item>
									</item>
								</item>
								<item>
									<count>0</count>
									<item_version>0</item_version>
								</item>
								<item>
									<count>0</count>
									<item_version>0</item_version>
								</item>
								<item>
									<count>0</count>
									<item_version>0</item_version>
								</item>
								<item>
									<count>0</count>
									<item_version>0</item_version>
								</item>
							</PerDataSpace>
						</random_format_fills>
						<gated_format_fills>
							<PerDataSpace>
								<item>
									<count>3</count>
									<item_version>0</item_version>
									<item>
										<count>2</count>
										<item_version>0</item_version>
										<item>0</item>
										<item>0</item>
									</item>
									<item>
										<count>2</count>
										<item_version>0</item_version>
										<item>0</item>
										<item>0</item>
									</item>
									<item>
										<count>2</count>
										<item_version>0</item_version>
										<item>0</item>
										<item>0</item>
									</item>
								</item>
								<item>
									<count>0</count>
									<item_version>0</item_version>
								</item>
								<item>
									<count>0</count>
									<item_version>0</item_version>
								</item>
								<item>
									<count>0</count>
									<item_version>0</item_version>
								</item>
								<item>
									<count>0</count>
									<item_version>0</item_version>
								</item>
							</PerDataSpace>
						</gated_format_fills>
						<skipped_format_fills>
							<PerDataSpace>
								<item>
									<count>3</count>
									<item_version>0</item_version>
									<item>
										<count>2</count>
										<item_version>0</item_version>
										<item>0</item>
										<item>0</item>
									</item>
									<item>
										<count>2</count>
										<item_version>0</item_version>
										<item>0</item>
										<item>0</item>
									</item>
									<item>
										<count>2</count>
										<item_version>0</item_version>
										<item>0</item>
										<item>0</item>
									</item>
								</item>
								<item>
									<count>0</count>
									<item_version>0</item_version>
								</item>
								<item>
									<count>0</count>
									<item_version>0</item_version>
								</item>
								<item>
									<count>0</count>
									<item_version>0</item_version>
								</item>
								<item>
									<count>0</count>
									<item_version>0</item_version>
								</item>
							</PerDataSpace>
						</skipped_format_fills>
						<random_format_updates>
							<PerDataSpace>
								<item>
									<count>3</count>
									<item_version>0</item_version>
									<item>
										<count>2</count>
										<item_version>0</item_version>
										<item>0</item>
										<item>0</item>
									</item>
									<item>
										<count>2</count>
										<item_version>0</item_version>
										<item>0</item>
										<item>0</item>
									</item>
									<item>
										<count>2</count>
										<item_version>0</item_version>
										<item>0</item>
										<item>0</item>
									</item>
								</item>
								<item>
									<count>0</count>
									<item_version>0</item_version>
								</item>
								<item>
									<count>0</count>
									<item_version>0</item_version>
								</item>
								<item>
									<count>0</count>
									<item_version>0</item_version>
								</item>
								<item>
									<count>0</count>
									<item_version>0</item_version>
								</item>
							</PerDataSpace>
						</random_format_updates>
						<gated_format_updates>
							<PerDataSpace>
								<item>
									<count>3</count>
									<item_version>0</item_version>
									<item>
										<count>2</count>
										<item_version>0</item_version>
										<item>0</item>
										<item>0</item>
									</item>
									<item>
										<count>2</count>
										<item_version>0</item_version>
										<item>0</item>
										<item>0</item>
									</item>
									<item>
										<count>2</count>
										<item_version>0</item_version>
										<item>0</item>
										<item>0</item>
									</item>
								</item>
								<item>
									<count>0</count>
									<item_version>0</item_version>
								</item>
								<item>
									<count>0</count>
									<item_version>0</item_version>
								</item>
								<item>
									<count>0</count>
									<item_version>0</item_version>
								</item>
								<item>
									<count>0</count>
									<item_version>0</item_version>
								</item>
							</PerDataSpace>
						</gated_format_updates>
						<skipped_format_updates>
							<PerDataSpace>
								<item>
									<count>3</count>
									<item_version>0</item_version>
									<item>
										<count>2</count>
										<item_version>0</item_version>
										<item>0</item>
										<item>0</item>
									</item>
									<item>
										<count>2</count>
										<item_version>0</item_version>
										<item>0</item>
										<item>0</item>
									</item>
									<item>
										<count>2</count>
										<item_version>0</item_version>
										<item>0</item>
										<item>0</item>
									</item>
								</item>
								<item>
									<count>0</count>
									<item_version>0</item_version>
								</item>
								<item>
									<count>0</count>
									<item_version>0</item_version>
								</item>
								<item>
									<count>0</count>
									<item_version>0</item_version>
								</item>
								<item>
									<count>0</count>
									<item_version>0</item_version>
								</item>
							</PerDataSpace>
						</skipped_format_updates>
						<decompression_counts>
							<PerDataSpace>
								<item>0</item>
								<item>0</item>
								<item>0</item>
								<item>0</item>
								<item>0</item>
							</PerDataSpace>
						</decompression_counts>
						<compression_counts>
							<PerDataSpace>
								<item>0</item>
								<item>0</item>
								<item>0</item>
								<item>0</item>
								<item>0</item>
							</PerDataSpace>
						</compression_counts>
						<address_generations>
							<PerDataSpace>
								<item>188</item>
								<item>11</item>
								<item>432</item>
								<item>0</item>
								<item>0</item>
							</PerDataSpace>
						</address_generations>
						<temporal_reductions>
							<PerDataSpace>
								<item>0</item>
								<item>0</item>
								<item>288</item>
								<item>0</item>
								<item>0</item>
							</PerDataSpace>
						</temporal_reductions>
						<shared_bandwidth>
							<PerDataSpace>
								<item>8.38297872340425521e+00</item>
								<item>2.34042553191489366e-01</item>
								<item>1.53191489361702136e+01</item>
								<item>0.00000000000000000e+00</item>
								<item>0.00000000000000000e+00</item>
							</PerDataSpace>
						</shared_bandwidth>
						<read_bandwidth>
							<PerDataSpace>
								<item>8.38297872340425521e+00</item>
								<item>2.34042553191489366e-01</item>
								<item>6.12765957446808507e+00</item>
								<item>0.00000000000000000e+00</item>
								<item>0.00000000000000000e+00</item>
							</PerDataSpace>
						</read_bandwidth>
						<write_bandwidth>
							<PerDataSpace>
								<item>0.00000000000000000e+00</item>
								<item>0.00000000000000000e+00</item>
								<item>9.19148936170212849e+00</item>
								<item>0.00000000000000000e+00</item>
								<item>0.00000000000000000e+00</item>
							</PerDataSpace>
						</write_bandwidth>
						<energy_per_algorithmic_access>
							<PerDataSpace>
								<item>6.35383310300044468e-01</item>
								<item>6.24785454545454644e-01</item>
								<item>6.33213499999999985e-01</item>
								<item>0.00000000000000000e+00</item>
								<item>0.00000000000000000e+00</item>
							</PerDataSpace>
						</energy_per_algorithmic_access>
						<energy_per_access>
							<PerDataSpace>
								<item>1.46002973430648497e+00</item>
								<item>6.24785454545454644e-01</item>
								<item>6.33213499999999985e-01</item>
								<item>0.00000000000000000e+00</item>
								<item>0.00000000000000000e+00</item>
							</PerDataSpace>
						</energy_per_access>
						<energy>
							<PerDataSpace>
								<item>2.74485590049619191e+02</item>
								<item>6.87264000000000053e+00</item>
								<item>4.55913720000000012e+02</item>
								<item>0.00000000000000000e+00</item>
								<item>0.00000000000000000e+00</item>
							</PerDataSpace>
						</energy>
						<temporal_reduction_energy>
							<PerDataSpace>
								<item>0.00000000000000000e+00</item>
								<item>0.00000000000000000e+00</item>
								<item>0.00000000000000000e+00</item>
								<item>0.00000000000000000e+00</item>
								<item>0.00000000000000000e+00</item>
							</PerDataSpace>
						</temporal_reduction_energy>
						<addr_gen_energy>
							<PerDataSpace>
								<item>0.00000000000000000e+00</item>
								<item>0.00000000000000000e+00</item>
								<item>0.00000000000000000e+00</item>
								<item>0.00000000000000000e+00</item>
								<item>0.00000000000000000e+00</item>
							</PerDataSpace>
						</addr_gen_energy>
						<cycles>47</cycles>
						<slowdown>1.00000000000000000e+00</slowdown>
						<format_shared_bandwidth_ratio>
							<PerDataSpace>
								<item>5.22842639593908642e-01</item>
								<item>0.00000000000000000e+00</item>
								<item>0.00000000000000000e+00</item>
								<item>0.00000000000000000e+00</item>
								<item>0.00000000000000000e+00</item>
							</PerDataSpace>
						</format_shared_bandwidth_ratio>
						<format_read_bandwidth_ratio>
							<PerDataSpace>
								<item>5.22842639593908642e-01</item>
								<item>0.00000000000000000e+00</item>
								<item>0.00000000000000000e+00</item>
								<item>0.00000000000000000e+00</item>
								<item>0.00000000000000000e+00</item>
							</PerDataSpace>
						</format_read_bandwidth_ratio>
						<format_write_bandwidth_ratio>
							<PerDataSpace>
								<item>0.00000000000000000e+00</item>
								<item>0.00000000000000000e+00</item>
								<item>0.00000000000000000e+00</item>
								<item>0.00000000000000000e+00</item>
								<item>0.00000000000000000e+00</item>
							</PerDataSpace>
						</format_write_bandwidth_ratio>
					</stats_>
				</px>
			</item>
		</levels_>
		<networks_ class_id="23" tracking_level="0" version="0">
			<count>3</count>
			<item_version>0</item_version>
			<item class_id="24" tracking_level="0" version="0">
				<first>BackingStorage &lt;==&gt; inter_PE_spatial</first>
				<second class_id="25" tracking_level="0" version="1">
					<px class_id="26" class_name="model::LegacyNetwork" tracking_level="1" version="0" object_id="_4">
						<Network class_id="27" tracking_level="0" version="0"></Network>
						<specs_ class_id="28" tracking_level="0" version="0">
							<NetworkSpecs class_id="29" tracking_level="0" version="0">
								<name>BackingStorage &lt;==&gt; inter_PE_spatial</name>
							</NetworkSpecs>
							<word_bits>
								<t_>8</t_>
							</word_bits>
							<router_energy></router_energy>
							<wire_energy></wire_energy>
							<tile_width>
								<t_>2.78581033255754392e+02</t_>
							</tile_width>
							<energy_per_hop></energy_per_hop>
							<ingress_energy></ingress_energy>
							<fill_latency>
								<t_>0</t_>
							</fill_latency>
							<drain_latency>
								<t_>0</t_>
							</drain_latency>
						</specs_>
						<stats_ class_id="30" tracking_level="0" version="0">
							<fanout>
								<PerDataSpace>
									<item>1</item>
									<item>1</item>
									<item>1</item>
									<item>0</item>
									<item>0</item>
								</PerDataSpace>
							</fanout>
							<multicast_factor>
								<PerDataSpace>
									<item>1</item>
									<item>1</item>
									<item>1</item>
									<item>0</item>
									<item>0</item>
								</PerDataSpace>
							</multicast_factor>
							<distributed_multicast_factor>
								<PerDataSpace>
									<item>0</item>
									<item>0</item>
									<item>0</item>
									<item>0</item>
									<item>0</item>
								</PerDataSpace>
							</distributed_multicast_factor>
							<distributed_multicast>
								<PerDataSpace>
									<item>0</item>
									<item>0</item>
									<item>0</item>
									<item>0</item>
									<item>0</item>
								</PerDataSpace>
							</distributed_multicast>
							<link_transfers>
								<PerDataSpace>
									<item>0</item>
									<item>0</item>
									<item>0</item>
									<item>0</item>
									<item>0</item>
								</PerDataSpace>
							</link_transfers>
							<spatial_reductions>
								<PerDataSpace>
									<item>0</item>
									<item>0</item>
									<item>0</item>
									<item>0</item>
									<item>0</item>
								</PerDataSpace>
							</spatial_reductions>
							<link_transfer_energy>
								<PerDataSpace>
									<item>0.00000000000000000e+00</item>
									<item>0.00000000000000000e+00</item>
									<item>0.00000000000000000e+00</item>
									<item>0.00000000000000000e+00</item>
									<item>0.00000000000000000e+00</item>
								</PerDataSpace>
							</link_transfer_energy>
							<num_hops>
								<PerDataSpace>
									<item>0.00000000000000000e+00</item>
									<item>0.00000000000000000e+00</item>
									<item>0.00000000000000000e+00</item>
									<item>0.00000000000000000e+00</item>
									<item>0.00000000000000000e+00</item>
								</PerDataSpace>
							</num_hops>
							<energy_per_hop>
								<PerDataSpace>
									<item>0.00000000000000000e+00</item>
									<item>0.00000000000000000e+00</item>
									<item>0.00000000000000000e+00</item>
									<item>0.00000000000000000e+00</item>
									<item>0.00000000000000000e+00</item>
								</PerDataSpace>
							</energy_per_hop>
							<energy>
								<PerDataSpace>
									<item>0.00000000000000000e+00</item>
									<item>0.00000000000000000e+00</item>
									<item>0.00000000000000000e+00</item>
									<item>0.00000000000000000e+00</item>
									<item>0.00000000000000000e+00</item>
								</PerDataSpace>
							</energy>
							<spatial_reduction_energy>
								<PerDataSpace>
									<item>0.00000000000000000e+00</item>
									<item>0.00000000000000000e+00</item>
									<item>0.00000000000000000e+00</item>
									<item>0.00000000000000000e+00</item>
									<item>0.00000000000000000e+00</item>
								</PerDataSpace>
							</spatial_reduction_energy>
						</stats_>
					</px>
				</second>
			</item>
			<item>
				<first>Buffer &lt;==&gt; mac</first>
				<second>
					<px class_id_reference="26" object_id="_5">
						<Network></Network>
						<specs_>
							<NetworkSpecs>
								<name>Buffer &lt;==&gt; mac</name>
							</NetworkSpecs>
							<word_bits>
								<t_>8</t_>
							</word_bits>
							<router_energy></router_energy>
							<wire_energy></wire_energy>
							<tile_width>
								<t_>3.05220907288628815e+01</t_>
							</tile_width>
							<energy_per_hop></energy_per_hop>
							<ingress_energy></ingress_energy>
							<fill_latency>
								<t_>0</t_>
							</fill_latency>
							<drain_latency>
								<t_>0</t_>
							</drain_latency>
						</specs_>
						<stats_>
							<fanout>
								<PerDataSpace>
									<item>1</item>
									<item>1</item>
									<item>1</item>
									<item>0</item>
									<item>0</item>
								</PerDataSpace>
							</fanout>
							<multicast_factor>
								<PerDataSpace>
									<item>1</item>
									<item>1</item>
									<item>1</item>
									<item>0</item>
									<item>0</item>
								</PerDataSpace>
							</multicast_factor>
							<distributed_multicast_factor>
								<PerDataSpace>
									<item>0</item>
									<item>0</item>
									<item>0</item>
									<item>0</item>
									<item>0</item>
								</PerDataSpace>
							</distributed_multicast_factor>
							<distributed_multicast>
								<PerDataSpace>
									<item>0</item>
									<item>0</item>
									<item>0</item>
									<item>0</item>
									<item>0</item>
								</PerDataSpace>
							</distributed_multicast>
							<link_transfers>
								<PerDataSpace>
									<item>0</item>
									<item>0</item>
									<item>0</item>
									<item>0</item>
									<item>0</item>
								</PerDataSpace>
							</link_transfers>
							<spatial_reductions>
								<PerDataSpace>
									<item>0</item>
									<item>0</item>
									<item>0</item>
									<item>0</item>
									<item>0</item>
								</PerDataSpace>
							</spatial_reductions>
							<link_transfer_energy>
								<PerDataSpace>
									<item>0.00000000000000000e+00</item>
									<item>0.00000000000000000e+00</item>
									<item>0.00000000000000000e+00</item>
									<item>0.00000000000000000e+00</item>
									<item>0.00000000000000000e+00</item>
								</PerDataSpace>
							</link_transfer_energy>
							<num_hops>
								<PerDataSpace>
									<item>0.00000000000000000e+00</item>
									<item>0.00000000000000000e+00</item>
									<item>0.00000000000000000e+00</item>
									<item>0.00000000000000000e+00</item>
									<item>0.00000000000000000e+00</item>
								</PerDataSpace>
							</num_hops>
							<energy_per_hop>
								<PerDataSpace>
									<item>0.00000000000000000e+00</item>
									<item>0.00000000000000000e+00</item>
									<item>0.00000000000000000e+00</item>
									<item>0.00000000000000000e+00</item>
									<item>0.00000000000000000e+00</item>
								</PerDataSpace>
							</energy_per_hop>
							<energy>
								<PerDataSpace>
									<item>0.00000000000000000e+00</item>
									<item>0.00000000000000000e+00</item>
									<item>0.00000000000000000e+00</item>
									<item>0.00000000000000000e+00</item>
									<item>0.00000000000000000e+00</item>
								</PerDataSpace>
							</energy>
							<spatial_reduction_energy>
								<PerDataSpace>
									<item>0.00000000000000000e+00</item>
									<item>0.00000000000000000e+00</item>
									<item>0.00000000000000000e+00</item>
									<item>0.00000000000000000e+00</item>
									<item>0.00000000000000000e+00</item>
								</PerDataSpace>
							</spatial_reduction_energy>
						</stats_>
					</px>
				</second>
			</item>
			<item>
				<first>inter_PE_spatial &lt;==&gt; Buffer</first>
				<second>
					<px class_id_reference="26" object_id="_6">
						<Network></Network>
						<specs_>
							<NetworkSpecs>
								<name>inter_PE_spatial &lt;==&gt; Buffer</name>
							</NetworkSpecs>
							<word_bits>
								<t_>1</t_>
							</word_bits>
							<router_energy></router_energy>
							<wire_energy></wire_energy>
							<tile_width>
								<t_>1.39289619220029948e+02</t_>
							</tile_width>
							<energy_per_hop></energy_per_hop>
							<ingress_energy></ingress_energy>
							<fill_latency>
								<t_>0</t_>
							</fill_latency>
							<drain_latency>
								<t_>0</t_>
							</drain_latency>
						</specs_>
						<stats_>
							<fanout>
								<PerDataSpace>
									<item>4</item>
									<item>4</item>
									<item>4</item>
									<item>0</item>
									<item>0</item>
								</PerDataSpace>
							</fanout>
							<multicast_factor>
								<PerDataSpace>
									<item>1</item>
									<item>4</item>
									<item>1</item>
									<item>0</item>
									<item>0</item>
								</PerDataSpace>
							</multicast_factor>
							<distributed_multicast_factor>
								<PerDataSpace>
									<item>0</item>
									<item>0</item>
									<item>0</item>
									<item>0</item>
									<item>0</item>
								</PerDataSpace>
							</distributed_multicast_factor>
							<distributed_multicast>
								<PerDataSpace>
									<item>0</item>
									<item>0</item>
									<item>0</item>
									<item>0</item>
									<item>0</item>
								</PerDataSpace>
							</distributed_multicast>
							<link_transfers>
								<PerDataSpace>
									<item>0</item>
									<item>0</item>
									<item>0</item>
									<item>0</item>
									<item>0</item>
								</PerDataSpace>
							</link_transfers>
							<spatial_reductions>
								<PerDataSpace>
									<item>0</item>
									<item>0</item>
									<item>0</item>
									<item>0</item>
									<item>0</item>
								</PerDataSpace>
							</spatial_reductions>
							<link_transfer_energy>
								<PerDataSpace>
									<item>0.00000000000000000e+00</item>
									<item>0.00000000000000000e+00</item>
									<item>0.00000000000000000e+00</item>
									<item>0.00000000000000000e+00</item>
									<item>0.00000000000000000e+00</item>
								</PerDataSpace>
							</link_transfer_energy>
							<num_hops>
								<PerDataSpace>
									<item>1.66666666666666657e-01</item>
									<item>3.00000000000000000e+00</item>
									<item>5.00000000000000000e-01</item>
									<item>0.00000000000000000e+00</item>
									<item>0.00000000000000000e+00</item>
								</PerDataSpace>
							</num_hops>
							<energy_per_hop>
								<PerDataSpace>
									<item>0.00000000000000000e+00</item>
									<item>0.00000000000000000e+00</item>
									<item>0.00000000000000000e+00</item>
									<item>0.00000000000000000e+00</item>
									<item>0.00000000000000000e+00</item>
								</PerDataSpace>
							</energy_per_hop>
							<energy>
								<PerDataSpace>
									<item>0.00000000000000000e+00</item>
									<item>0.00000000000000000e+00</item>
									<item>0.00000000000000000e+00</item>
									<item>0.00000000000000000e+00</item>
									<item>0.00000000000000000e+00</item>
								</PerDataSpace>
							</energy>
							<spatial_reduction_energy>
								<PerDataSpace>
									<item>0.00000000000000000e+00</item>
									<item>0.00000000000000000e+00</item>
									<item>0.00000000000000000e+00</item>
									<item>0.00000000000000000e+00</item>
									<item>0.00000000000000000e+00</item>
								</PerDataSpace>
							</spatial_reduction_energy>
						</stats_>
					</px>
				</second>
			</item>
		</networks_>
	</topology_>
</engine>
<mapping class_id="31" tracking_level="0" version="0">
	<dataspace_bypass_nest_>
		<item class_id="32" tracking_level="0" version="0">
			<bits>00000000000000000000000000000100</bits>
		</item>
		<item>
			<bits>00000000000000000000000000000101</bits>
		</item>
		<item>
			<bits>00000000000000000000000000000100</bits>
		</item>
		<item>
			<bits>00000000000000000000000000000000</bits>
		</item>
		<item>
			<bits>00000000000000000000000000000000</bits>
		</item>
	</dataspace_bypass_nest_>
</mapping>
<a class_id="33" tracking_level="1" version="0" object_id="_7">
	<workload_ class_id="34" tracking_level="0" version="0">
		<factorized_bounds_ class_id="35" tracking_level="0" version="0">
			<count>3</count>
			<item_version>0</item_version>
			<item class_id="36" tracking_level="0" version="0">
				<first>0</first>
				<second>16</second>
			</item>
			<item>
				<first>1</first>
				<second>3</second>
			</item>
			<item>
				<first>2</first>
				<second>9</second>
			</item>
		</factorized_bounds_>
		<coefficients_>
			<count>0</count>
			<item_version>0</item_version>
		</coefficients_>
		<densities_ class_id="37" tracking_level="0" version="0">
			<count>3</count>
			<item_version>0</item_version>
			<item class_id="38" tracking_level="0" version="0">
				<first>0</first>
				<second class_id="39" tracking_level="0" version="1">
					<px class_id="40" class_name="problem::FixedStructuredDistribution" tracking_level="1" version="0" object_id="_8">
						<DensityDistribution class_id="41" tracking_level="0" version="0"></DensityDistribution>
						<specs_ class_id="42" tracking_level="0" version="0">
							<DensityDistributionSpecs class_id="43" tracking_level="0" version="0">
								<type>UNSET</type>
							</DensityDistributionSpecs>
							<type>fixed_structured</type>
							<fixed_density>4.33300000000000018e-01</fixed_density>
						</specs_>
					</px>
				</second>
			</item>
			<item>
				<first>1</first>
				<second>
					<px class_id_reference="40" object_id="_9">
						<DensityDistribution></DensityDistribution>
						<specs_>
							<DensityDistributionSpecs>
								<type>UNSET</type>
							</DensityDistributionSpecs>
							<type>fixed_structured</type>
							<fixed_density>1.00000000000000000e+00</fixed_density>
						</specs_>
					</px>
				</second>
			</item>
			<item>
				<first>2</first>
				<second>
					<px class_id_reference="40" object_id="_10">
						<DensityDistribution></DensityDistribution>
						<specs_>
							<DensityDistributionSpecs>
								<type>UNSET</type>
							</DensityDistributionSpecs>
							<type>fixed_structured</type>
							<fixed_density>1.00000000000000000e+00</fixed_density>
						</specs_>
					</px>
				</second>
			</item>
		</densities_>
	</workload_>
</a>
</boost_serialization>

