<?xml version="1.0" encoding="UTF-8" standalone="yes" ?>
<!DOCTYPE boost_serialization>
<boost_serialization signature="serialization::archive" version="18">
<engine class_id="0" tracking_level="0" version="0">
	<topology_ class_id="1" tracking_level="0" version="0">
		<levels_ class_id="2" tracking_level="0" version="0">
			<count>3</count>
			<item_version>1</item_version>
			<item class_id="3" tracking_level="0" version="1">
				<px class_id="4" class_name="model::ArithmeticUnits" tracking_level="1" version="0" object_id="_0">
					<Level class_id="5" tracking_level="0" version="0"></Level>
					<specs_ class_id="6" tracking_level="0" version="0">
						<LevelSpecs class_id="7" tracking_level="0" version="0">
							<level_name>mac</level_name>
						</LevelSpecs>
						<instances class_id="8" tracking_level="0" version="0">
							<t_>1</t_>
						</instances>
						<meshX>
							<t_>1</t_>
						</meshX>
						<meshY>
							<t_>1</t_>
						</meshY>
						<word_bits>
							<t_>16</t_>
						</word_bits>
					</specs_>
					<energy_>1.36265999999999998e+01</energy_>
					<area_>9.31598022460937500e+02</area_>
					<cycles_>12</cycles_>
					<utilized_instances_>1</utilized_instances_>
					<avg_utilized_instances_>1</avg_utilized_instances_>
					<algorithmic_computes_>27</algorithmic_computes_>
					<random_computes_>12</random_computes_>
					<gated_computes_>0</gated_computes_>
					<skipped_computes_>0</skipped_computes_>
				</px>
			</item>
			<item>
				<px class_id="9" class_name="model::BufferLevel" tracking_level="1" version="0" object_id="_1">
					<Level></Level>
					<subnest_ class_id="10" tracking_level="0" version="0">
						<count>2</count>
						<item_version>0</item_version>
						<item class_id="11" tracking_level="0" version="0">
							<dimension>0</dimension>
							<start>0</start>
							<end>3</end>
							<stride>1</stride>
							<spacetime_dimension>0</spacetime_dimension>
						</item>
						<item>
							<dimension>1</dimension>
							<start>0</start>
							<end>9</end>
							<stride>1</stride>
							<spacetime_dimension>0</spacetime_dimension>
						</item>
					</subnest_>
					<specs_ class_id="12" tracking_level="0" version="0">
						<LevelSpecs>
							<level_name>Buffer</level_name>
						</LevelSpecs>
						<name class_id="13" tracking_level="0" version="0">
							<t_>Buffer</t_>
						</name>
						<technology class_id="14" tracking_level="0" version="0">
							<t_>0</t_>
						</technology>
						<size>
							<t_>64</t_>
						</size>
						<word_bits>
							<t_>8</t_>
						</word_bits>
						<addr_gen_bits>
							<t_>6</t_>
						</addr_gen_bits>
						<block_size>
							<t_>1</t_>
						</block_size>
						<cluster_size>
							<t_>1</t_>
						</cluster_size>
						<instances>
							<t_>1</t_>
						</instances>
						<meshX>
							<t_>1</t_>
						</meshX>
						<meshY>
							<t_>1</t_>
						</meshY>
						<shared_bandwidth class_id="15" tracking_level="0" version="0"></shared_bandwidth>
						<read_bandwidth></read_bandwidth>
						<write_bandwidth></write_bandwidth>
						<bandwidth_consumption_scale class_id="16" tracking_level="0" version="0">
							<PerDataSpace>
								<item>1.00000000000000000e+00</item>
								<item>1.00000000000000000e+00</item>
								<item>1.00000000000000000e+00</item>
								<item>0.00000000000000000e+00</item>
								<item>0.00000000000000000e+00</item>
							</PerDataSpace>
						</bandwidth_consumption_scale>
						<multiple_buffering>
							<t_>1.00000000000000000e+00</t_>
						</multiple_buffering>
						<min_utilization>
							<t_>0.00000000000000000e+00</t_>
						</min_utilization>
						<num_ports>
							<t_>2</t_>
						</num_ports>
						<num_banks>
							<t_>2</t_>
						</num_banks>
						<read_network_name></read_network_name>
						<fill_network_name></fill_network_name>
						<drain_network_name></drain_network_name>
						<update_network_name></update_network_name>
						<power_gated_at_name>
							<t_>Buffer</t_>
						</power_gated_at_name>
					</specs_>
					<stats_ class_id="17" tracking_level="0" version="0">
						<keep class_id="18" tracking_level="0" version="0">
							<PerDataSpace>
								<item>1</item>
								<item>1</item>
								<item>1</item>
								<item>0</item>
								<item>0</item>
							</PerDataSpace>
						</keep>
						<partition_size class_id="19" tracking_level="0" version="0">
							<PerDataSpace>
								<item>3</item>
								<item>11</item>
								<item>9</item>
								<item>0</item>
								<item>0</item>
							</PerDataSpace>
						</partition_size>
						<utilized_capacity>
							<PerDataSpace>
								<item>2</item>
								<item>11</item>
								<item>9</item>
								<item>0</item>
								<item>0</item>
							</PerDataSpace>
						</utilized_capacity>
						<utilized_instances>
							<PerDataSpace>
								<item>1.00000000000000000e+00</item>
								<item>1.00000000000000000e+00</item>
								<item>1.00000000000000000e+00</item>
								<item>0.00000000000000000e+00</item>
								<item>0.00000000000000000e+00</item>
							</PerDataSpace>
						</utilized_instances>
						<utilized_clusters>
							<PerDataSpace>
								<item>1</item>
								<item>1</item>
								<item>1</item>
								<item>0</item>
								<item>0</item>
							</PerDataSpace>
						</utilized_clusters>
						<reads>
							<PerDataSpace>
								<item>27</item>
								<item>27</item>
								<item>18</item>
								<item>0</item>
								<item>0</item>
							</PerDataSpace>
						</reads>
						<updates>
							<PerDataSpace>
								<item>0</item>
								<item>0</item>
								<item>27</item>
								<item>0</item>
								<item>0</item>
							</PerDataSpace>
						</updates>
						<fills>
							<PerDataSpace>
								<item>3</item>
								<item>11</item>
								<item>0</item>
								<item>0</item>
								<item>0</item>
							</PerDataSpace>
						</fills>
						<gated_reads>
							<PerDataSpace>
								<item>0</item>
								<item>0</item>
								<item>0</item>
								<item>0</item>
								<item>0</item>
							</PerDataSpace>
						</gated_reads>
						<skipped_reads>
							<PerDataSpace>
								<item>0</item>
								<item>15</item>
								<item>11</item>
								<item>0</item>
								<item>0</item>
							</PerDataSpace>
						</skipped_reads>
						<random_reads>
							<PerDataSpace>
								<item>12</item>
								<item>12</item>
								<item>7</item>
								<item>0</item>
								<item>0</item>
							</PerDataSpace>
						</random_reads>
						<gated_fills>
							<PerDataSpace>
								<item>0</item>
								<item>0</item>
								<item>0</item>
								<item>0</item>
								<item>0</item>
							</PerDataSpace>
						</gated_fills>
						<skipped_fills>
							<PerDataSpace>
								<item>0</item>
								<item>0</item>
								<item>0</item>
								<item>0</item>
								<item>0</item>
							</PerDataSpace>
						</skipped_fills>
						<random_fills>
							<PerDataSpace>
								<item>2</item>
								<item>11</item>
								<item>0</item>
								<item>0</item>
								<item>0</item>
							</PerDataSpace>
						</random_fills>
						<gated_updates>
							<PerDataSpace>
								<item>0</item>
								<item>0</item>
								<item>0</item>
								<item>0</item>
								<item>0</item>
							</PerDataSpace>
						</gated_updates>
						<skipped_updates>
							<PerDataSpace>
								<item>0</item>
								<item>0</item>
								<item>15</item>
								<item>0</item>
								<item>0</item>
							</PerDataSpace>
						</skipped_updates>
						<random_updates>
							<PerDataSpace>
								<item>0</item>
								<item>0</item>
								<item>12</item>
								<item>0</item>
								<item>0</item>
							</PerDataSpace>
						</random_updates>
						<random_format_reads class_id="20" tracking_level="0" version="0">
							<PerDataSpace>
								<item class_id="21" tracking_level="0" version="0">
									<count>1</count>
									<item_version>0</item_version>
									<item>
										<count>2</count>
										<item_version>0</item_version>
										<item>12</item>
										<item>0</item>
									</item>
								</item>
								<item>
									<count>0</count>
									<item_version>0</item_version>
								</item>
								<item>
									<count>0</count>
									<item_version>0</item_version>
								</item>
								<item>
									<count>0</count>
									<item_version>0</item_version>
								</item>
								<item>
									<count>0</count>
									<item_version>0</item_version>
								</item>
							</PerDataSpace>
						</random_format_reads>
						<gated_format_reads>
							<PerDataSpace>
								<item>
									<count>1</count>
									<item_version>0</item_version>
									<item>
										<count>2</count>
										<item_version>0</item_version>
										<item>0</item>
										<item>0</item>
									</item>
								</item>
								<item>
									<count>0</count>
									<item_version>0</item_version>
								</item>
								<item>
									<count>0</count>
									<item_version>0</item_version>
								</item>
								<item>
									<count>0</count>
									<item_version>0</item_version>
								</item>
								<item>
									<count>0</count>
									<item_version>0</item_version>
								</item>
							</PerDataSpace>
						</gated_format_reads>
						<skipped_format_reads>
							<PerDataSpace>
								<item>
									<count>1</count>
									<item_version>0</item_version>
									<item>
										<count>2</count>
										<item_version>0</item_version>
										<item>0</item>
										<item>0</item>
									</item>
								</item>
								<item>
									<count>0</count>
									<item_version>0</item_version>
								</item>
								<item>
									<count>0</count>
									<item_version>0</item_version>
								</item>
								<item>
									<count>0</count>
									<item_version>0</item_version>
								</item>
								<item>
									<count>0</count>
									<item_version>0</item_version>
								</item>
							</PerDataSpace>
						</skipped_format_reads>
						<random_format_fills>
							<PerDataSpace>
								<item>
									<count>1</count>
									<item_version>0</item_version>
									<item>
										<count>2</count>
										<item_version>0</item_version>
										<item>2</item>
										<item>0</item>
									</item>
								</item>
								<item>
									<count>0</count>
									<item_version>0</item_version>
								</item>
								<item>
									<count>0</count>
									<item_version>0</item_version>
								</item>
								<item>
									<count>0</count>
									<item_version>0</item_version>
								</item>
								<item>
									<count>0</count>
									<item_version>0</item_version>
								</item>
							</PerDataSpace>
						</random_format_fills>
						<gated_format_fills>
							<PerDataSpace>
								<item>
									<count>1</count>
									<item_version>0</item_version>
									<item>
										<count>2</count>
										<item_version>0</item_version>
										<item>0</item>
										<item>0</item>
									</item>
								</item>
								<item>
									<count>0</count>
									<item_version>0</item_version>
								</item>
								<item>
									<count>0</count>
									<item_version>0</item_version>
								</item>
								<item>
									<count>0</count>
									<item_version>0</item_version>
								</item>
								<item>
									<count>0</count>
									<item_version>0</item_version>
								</item>
							</PerDataSpace>
						</gated_format_fills>
						<skipped_format_fills>
							<PerDataSpace>
								<item>
									<count>1</count>
									<item_version>0</item_version>
									<item>
										<count>2</count>
										<item_version>0</item_version>
										<item>0</item>
										<item>0</item>
									</item>
								</item>
								<item>
									<count>0</count>
									<item_version>0</item_version>
								</item>
								<item>
									<count>0</count>
									<item_version>0</item_version>
								</item>
								<item>
									<count>0</count>
									<item_version>0</item_version>
								</item>
								<item>
									<count>0</count>
									<item_version>0</item_version>
								</item>
							</PerDataSpace>
						</skipped_format_fills>
						<random_format_updates>
							<PerDataSpace>
								<item>
									<count>1</count>
									<item_version>0</item_version>
									<item>
										<count>2</count>
										<item_version>0</item_version>
										<item>0</item>
										<item>0</item>
									</item>
								</item>
								<item>
									<count>0</count>
									<item_version>0</item_version>
								</item>
								<item>
									<count>0</count>
									<item_version>0</item_version>
								</item>
								<item>
									<count>0</count>
									<item_version>0</item_version>
								</item>
								<item>
									<count>0</count>
									<item_version>0</item_version>
								</item>
							</PerDataSpace>
						</random_format_updates>
						<gated_format_updates>
							<PerDataSpace>
								<item>
									<count>1</count>
									<item_version>0</item_version>
									<item>
										<count>2</count>
										<item_version>0</item_version>
										<item>0</item>
										<item>0</item>
									</item>
								</item>
								<item>
									<count>0</count>
									<item_version>0</item_version>
								</item>
								<item>
									<count>0</count>
									<item_version>0</item_version>
								</item>
								<item>
									<count>0</count>
									<item_version>0</item_version>
								</item>
								<item>
									<count>0</count>
									<item_version>0</item_version>
								</item>
							</PerDataSpace>
						</gated_format_updates>
						<skipped_format_updates>
							<PerDataSpace>
								<item>
									<count>1</count>
									<item_version>0</item_version>
									<item>
										<count>2</count>
										<item_version>0</item_version>
										<item>0</item>
										<item>0</item>
									</item>
								</item>
								<item>
									<count>0</count>
									<item_version>0</item_version>
								</item>
								<item>
									<count>0</count>
									<item_version>0</item_version>
								</item>
								<item>
									<count>0</count>
									<item_version>0</item_version>
								</item>
								<item>
									<count>0</count>
									<item_version>0</item_version>
								</item>
							</PerDataSpace>
						</skipped_format_updates>
						<decompression_counts>
							<PerDataSpace>
								<item>0</item>
								<item>0</item>
								<item>0</item>
								<item>0</item>
								<item>0</item>
							</PerDataSpace>
						</decompression_counts>
						<compression_counts>
							<PerDataSpace>
								<item>0</item>
								<item>0</item>
								<item>0</item>
								<item>0</item>
								<item>0</item>
							</PerDataSpace>
						</compression_counts>
						<address_generations>
							<PerDataSpace>
								<item>14</item>
								<item>23</item>
								<item>12</item>
								<item>0</item>
								<item>0</item>
							</PerDataSpace>
						</address_generations>
						<temporal_reductions>
							<PerDataSpace>
								<item>0</item>
								<item>0</item>
								<item>8</item>
								<item>0</item>
								<item>0</item>
							</PerDataSpace>
						</temporal_reductions>
						<shared_bandwidth>
							<PerDataSpace>
								<item>1.75000000000000000e+00</item>
								<item>1.91666666666666652e+00</item>
								<item>1.58333333333333348e+00</item>
								<item>0.00000000000000000e+00</item>
								<item>0.00000000000000000e+00</item>
							</PerDataSpace>
						</shared_bandwidth>
						<read_bandwidth>
							<PerDataSpace>
								<item>1.50000000000000000e+00</item>
								<item>1.00000000000000000e+00</item>
								<item>5.83333333333333370e-01</item>
								<item>0.00000000000000000e+00</item>
								<item>0.00000000000000000e+00</item>
							</PerDataSpace>
						</read_bandwidth>
						<write_bandwidth>
							<PerDataSpace>
								<item>2.50000000000000000e-01</item>
								<item>9.16666666666666630e-01</item>
								<item>1.00000000000000000e+00</item>
								<item>0.00000000000000000e+00</item>
								<item>0.00000000000000000e+00</item>
							</PerDataSpace>
						</write_bandwidth>
						<energy_per_algorithmic_access>
							<PerDataSpace>
								<item>3.98861000000000021e-01</item>
								<item>4.13691552631578918e-01</item>
								<item>2.82687666666666670e-01</item>
								<item>0.00000000000000000e+00</item>
								<item>0.00000000000000000e+00</item>
							</PerDataSpace>
						</energy_per_algorithmic_access>
						<energy_per_access>
							<PerDataSpace>
								<item>8.54702142857142855e-01</item>
								<item>6.83490391304347855e-01</item>
								<item>6.69523421052631629e-01</item>
								<item>0.00000000000000000e+00</item>
								<item>0.00000000000000000e+00</item>
							</PerDataSpace>
						</energy_per_access>
						<energy>
							<PerDataSpace>
								<item>1.19658300000000004e+01</item>
								<item>1.57202789999999997e+01</item>
								<item>1.27209450000000004e+01</item>
								<item>0.00000000000000000e+00</item>
								<item>0.00000000000000000e+00</item>
							</PerDataSpace>
						</energy>
						<temporal_reduction_energy>
							<PerDataSpace>
								<item>0.00000000000000000e+00</item>
								<item>0.00000000000000000e+00</item>
								<item>0.00000000000000000e+00</item>
								<item>0.00000000000000000e+00</item>
								<item>0.00000000000000000e+00</item>
							</PerDataSpace>
						</temporal_reduction_energy>
						<addr_gen_energy>
							<PerDataSpace>
								<item>0.00000000000000000e+00</item>
								<item>0.00000000000000000e+00</item>
								<item>0.00000000000000000e+00</item>
								<item>0.00000000000000000e+00</item>
								<item>0.00000000000000000e+00</item>
							</PerDataSpace>
						</addr_gen_energy>
						<cycles>12</cycles>
						<slowdown>1.00000000000000000e+00</slowdown>
						<format_shared_bandwidth_ratio>
							<PerDataSpace>
								<item>3.33333333333333315e-01</item>
								<item>0.00000000000000000e+00</item>
								<item>0.00000000000000000e+00</item>
								<item>0.00000000000000000e+00</item>
								<item>0.00000000000000000e+00</item>
							</PerDataSpace>
						</format_shared_bandwidth_ratio>
						<format_read_bandwidth_ratio>
							<PerDataSpace>
								<item>3.33333333333333315e-01</item>
								<item>0.00000000000000000e+00</item>
								<item>0.00000000000000000e+00</item>
								<item>0.00000000000000000e+00</item>
								<item>0.00000000000000000e+00</item>
							</PerDataSpace>
						</format_read_bandwidth_ratio>
						<format_write_bandwidth_ratio>
							<PerDataSpace>
								<item>3.33333333333333315e-01</item>
								<item>0.00000000000000000e+00</item>
								<item>0.00000000000000000e+00</item>
								<item>0.00000000000000000e+00</item>
								<item>0.00000000000000000e+00</item>
							</PerDataSpace>
						</format_write_bandwidth_ratio>
					</stats_>
				</px>
			</item>
			<item>
				<px class_id_reference="9" object_id="_2">
					<Level></Level>
					<subnest_>
						<count>1</count>
						<item_version>0</item_version>
						<item>
							<dimension>1</dimension>
							<start>0</start>
							<end>1</end>
							<stride>1</stride>
							<spacetime_dimension>0</spacetime_dimension>
						</item>
					</subnest_>
					<specs_>
						<LevelSpecs>
							<level_name>BackingStorage</level_name>
						</LevelSpecs>
						<name>
							<t_>BackingStorage</t_>
						</name>
						<technology>
							<t_>0</t_>
						</technology>
						<size>
							<t_>2048</t_>
						</size>
						<word_bits>
							<t_>8</t_>
						</word_bits>
						<addr_gen_bits>
							<t_>9</t_>
						</addr_gen_bits>
						<block_size>
							<t_>4</t_>
						</block_size>
						<cluster_size>
							<t_>1</t_>
						</cluster_size>
						<instances>
							<t_>1</t_>
						</instances>
						<meshX>
							<t_>1</t_>
						</meshX>
						<meshY>
							<t_>1</t_>
						</meshY>
						<shared_bandwidth></shared_bandwidth>
						<read_bandwidth></read_bandwidth>
						<write_bandwidth></write_bandwidth>
						<bandwidth_consumption_scale>
							<PerDataSpace>
								<item>1.00000000000000000e+00</item>
								<item>1.00000000000000000e+00</item>
								<item>1.00000000000000000e+00</item>
								<item>0.00000000000000000e+00</item>
								<item>0.00000000000000000e+00</item>
							</PerDataSpace>
						</bandwidth_consumption_scale>
						<multiple_buffering>
							<t_>1.00000000000000000e+00</t_>
						</multiple_buffering>
						<min_utilization>
							<t_>0.00000000000000000e+00</t_>
						</min_utilization>
						<num_ports>
							<t_>2</t_>
						</num_ports>
						<num_banks>
							<t_>2</t_>
						</num_banks>
						<read_network_name></read_network_name>
						<fill_network_name></fill_network_name>
						<drain_network_name></drain_network_name>
						<update_network_name></update_network_name>
						<power_gated_at_name>
							<t_>BackingStorage</t_>
						</power_gated_at_name>
					</specs_>
					<stats_>
						<keep>
							<PerDataSpace>
								<item>1</item>
								<item>1</item>
								<item>1</item>
								<item>0</item>
								<item>0</item>
							</PerDataSpace>
						</keep>
						<partition_size>
							<PerDataSpace>
								<item>3</item>
								<item>11</item>
								<item>9</item>
								<item>0</item>
								<item>0</item>
							</PerDataSpace>
						</partition_size>
						<utilized_capacity>
							<PerDataSpace>
								<item>2</item>
								<item>11</item>
								<item>9</item>
								<item>0</item>
								<item>0</item>
							</PerDataSpace>
						</utilized_capacity>
						<utilized_instances>
							<PerDataSpace>
								<item>1.00000000000000000e+00</item>
								<item>1.00000000000000000e+00</item>
								<item>1.00000000000000000e+00</item>
								<item>0.00000000000000000e+00</item>
								<item>0.00000000000000000e+00</item>
							</PerDataSpace>
						</utilized_instances>
						<utilized_clusters>
							<PerDataSpace>
								<item>1</item>
								<item>1</item>
								<item>1</item>
								<item>0</item>
								<item>0</item>
							</PerDataSpace>
						</utilized_clusters>
						<reads>
							<PerDataSpace>
								<item>3</item>
								<item>11</item>
								<item>0</item>
								<item>0</item>
								<item>0</item>
							</PerDataSpace>
						</reads>
						<updates>
							<PerDataSpace>
								<item>0</item>
								<item>0</item>
								<item>9</item>
								<item>0</item>
								<item>0</item>
							</PerDataSpace>
						</updates>
						<fills>
							<PerDataSpace>
								<item>0</item>
								<item>0</item>
								<item>0</item>
								<item>0</item>
								<item>0</item>
							</PerDataSpace>
						</fills>
						<gated_reads>
							<PerDataSpace>
								<item>0</item>
								<item>0</item>
								<item>0</item>
								<item>0</item>
								<item>0</item>
							</PerDataSpace>
						</gated_reads>
						<skipped_reads>
							<PerDataSpace>
								<item>0</item>
								<item>0</item>
								<item>0</item>
								<item>0</item>
								<item>0</item>
							</PerDataSpace>
						</skipped_reads>
						<random_reads>
							<PerDataSpace>
								<item>2</item>
								<item>11</item>
								<item>0</item>
								<item>0</item>
								<item>0</item>
							</PerDataSpace>
						</random_reads>
						<gated_fills>
							<PerDataSpace>
								<item>0</item>
								<item>0</item>
								<item>0</item>
								<item>0</item>
								<item>0</item>
							</PerDataSpace>
						</gated_fills>
						<skipped_fills>
							<PerDataSpace>
								<item>0</item>
								<item>0</item>
								<item>0</item>
								<item>0</item>
								<item>0</item>
							</PerDataSpace>
						</skipped_fills>
						<random_fills>
							<PerDataSpace>
								<item>0</item>
								<item>0</item>
								<item>0</item>
								<item>0</item>
								<item>0</item>
							</PerDataSpace>
						</random_fills>
						<gated_updates>
							<PerDataSpace>
								<item>0</item>
								<item>0</item>
								<item>0</item>
								<item>0</item>
								<item>0</item>
							</PerDataSpace>
						</gated_updates>
						<skipped_updates>
							<PerDataSpace>
								<item>0</item>
								<item>0</item>
								<item>0</item>
								<item>0</item>
								<item>0</item>
							</PerDataSpace>
						</skipped_updates>
						<random_updates>
							<PerDataSpace>
								<item>0</item>
								<item>0</item>
								<item>9</item>
								<item>0</item>
								<item>0</item>
							</PerDataSpace>
						</random_updates>
						<random_format_reads>
							<PerDataSpace>
								<item>
									<count>1</count>
									<item_version>0</item_version>
									<item>
										<count>2</count>
										<item_version>0</item_version>
										<item>2</item>
										<item>0</item>
									</item>
								</item>
								<item>
									<count>0</count>
									<item_version>0</item_version>
								</item>
								<item>
									<count>0</count>
									<item_version>0</item_version>
								</item>
								<item>
									<count>0</count>
									<item_version>0</item_version>
								</item>
								<item>
									<count>0</count>
									<item_version>0</item_version>
								</item>
							</PerDataSpace>
						</random_format_reads>
						<gated_format_reads>
							<PerDataSpace>
								<item>
									<count>1</count>
									<item_version>0</item_version>
									<item>
										<count>2</count>
										<item_version>0</item_version>
										<item>0</item>
										<item>0</item>
									</item>
								</item>
								<item>
									<count>0</count>
									<item_version>0</item_version>
								</item>
								<item>
									<count>0</count>
									<item_version>0</item_version>
								</item>
								<item>
									<count>0</count>
									<item_version>0</item_version>
								</item>
								<item>
									<count>0</count>
									<item_version>0</item_version>
								</item>
							</PerDataSpace>
						</gated_format_reads>
						<skipped_format_reads>
							<PerDataSpace>
								<item>
									<count>1</count>
									<item_version>0</item_version>
									<item>
										<count>2</count>
										<item_version>0</item_version>
										<item>0</item>
										<item>0</item>
									</item>
								</item>
								<item>
									<count>0</count>
									<item_version>0</item_version>
								</item>
								<item>
									<count>0</count>
									<item_version>0</item_version>
								</item>
								<item>
									<count>0</count>
									<item_version>0</item_version>
								</item>
								<item>
									<count>0</count>
									<item_version>0</item_version>
								</item>
							</PerDataSpace>
						</skipped_format_reads>
						<random_format_fills>
							<PerDataSpace>
								<item>
									<count>1</count>
									<item_version>0</item_version>
									<item>
										<count>2</count>
										<item_version>0</item_version>
										<item>0</item>
										<item>0</item>
									</item>
								</item>
								<item>
									<count>0</count>
									<item_version>0</item_version>
								</item>
								<item>
									<count>0</count>
									<item_version>0</item_version>
								</item>
								<item>
									<count>0</count>
									<item_version>0</item_version>
								</item>
								<item>
									<count>0</count>
									<item_version>0</item_version>
								</item>
							</PerDataSpace>
						</random_format_fills>
						<gated_format_fills>
							<PerDataSpace>
								<item>
									<count>1</count>
									<item_version>0</item_version>
									<item>
										<count>2</count>
										<item_version>0</item_version>
										<item>0</item>
										<item>0</item>
									</item>
								</item>
								<item>
									<count>0</count>
									<item_version>0</item_version>
								</item>
								<item>
									<count>0</count>
									<item_version>0</item_version>
								</item>
								<item>
									<count>0</count>
									<item_version>0</item_version>
								</item>
								<item>
									<count>0</count>
									<item_version>0</item_version>
								</item>
							</PerDataSpace>
						</gated_format_fills>
						<skipped_format_fills>
							<PerDataSpace>
								<item>
									<count>1</count>
									<item_version>0</item_version>
									<item>
										<count>2</count>
										<item_version>0</item_version>
										<item>0</item>
										<item>0</item>
									</item>
								</item>
								<item>
									<count>0</count>
									<item_version>0</item_version>
								</item>
								<item>
									<count>0</count>
									<item_version>0</item_version>
								</item>
								<item>
									<count>0</count>
									<item_version>0</item_version>
								</item>
								<item>
									<count>0</count>
									<item_version>0</item_version>
								</item>
							</PerDataSpace>
						</skipped_format_fills>
						<random_format_updates>
							<PerDataSpace>
								<item>
									<count>1</count>
									<item_version>0</item_version>
									<item>
										<count>2</count>
										<item_version>0</item_version>
										<item>0</item>
										<item>0</item>
									</item>
								</item>
								<item>
									<count>0</count>
									<item_version>0</item_version>
								</item>
								<item>
									<count>0</count>
									<item_version>0</item_version>
								</item>
								<item>
									<count>0</count>
									<item_version>0</item_version>
								</item>
								<item>
									<count>0</count>
									<item_version>0</item_version>
								</item>
							</PerDataSpace>
						</random_format_updates>
						<gated_format_updates>
							<PerDataSpace>
								<item>
									<count>1</count>
									<item_version>0</item_version>
									<item>
										<count>2</count>
										<item_version>0</item_version>
										<item>0</item>
										<item>0</item>
									</item>
								</item>
								<item>
									<count>0</count>
									<item_version>0</item_version>
								</item>
								<item>
									<count>0</count>
									<item_version>0</item_version>
								</item>
								<item>
									<count>0</count>
									<item_version>0</item_version>
								</item>
								<item>
									<count>0</count>
									<item_version>0</item_version>
								</item>
							</PerDataSpace>
						</gated_format_updates>
						<skipped_format_updates>
							<PerDataSpace>
								<item>
									<count>1</count>
									<item_version>0</item_version>
									<item>
										<count>2</count>
										<item_version>0</item_version>
										<item>0</item>
										<item>0</item>
									</item>
								</item>
								<item>
									<count>0</count>
									<item_version>0</item_version>
								</item>
								<item>
									<count>0</count>
									<item_version>0</item_version>
								</item>
								<item>
									<count>0</count>
									<item_version>0</item_version>
								</item>
								<item>
									<count>0</count>
									<item_version>0</item_version>
								</item>
							</PerDataSpace>
						</skipped_format_updates>
						<decompression_counts>
							<PerDataSpace>
								<item>0</item>
								<item>0</item>
								<item>0</item>
								<item>0</item>
								<item>0</item>
							</PerDataSpace>
						</decompression_counts>
						<compression_counts>
							<PerDataSpace>
								<item>0</item>
								<item>0</item>
								<item>0</item>
								<item>0</item>
								<item>0</item>
							</PerDataSpace>
						</compression_counts>
						<address_generations>
							<PerDataSpace>
								<item>2</item>
								<item>11</item>
								<item>9</item>
								<item>0</item>
								<item>0</item>
							</PerDataSpace>
						</address_generations>
						<temporal_reductions>
							<PerDataSpace>
								<item>0</item>
								<item>0</item>
								<item>0</item>
								<item>0</item>
								<item>0</item>
							</PerDataSpace>
						</temporal_reductions>
						<shared_bandwidth>
							<PerDataSpace>
								<item>2.50000000000000000e-01</item>
								<item>9.16666666666666630e-01</item>
								<item>7.50000000000000000e-01</item>
								<item>0.00000000000000000e+00</item>
								<item>0.00000000000000000e+00</item>
							</PerDataSpace>
						</shared_bandwidth>
						<read_bandwidth>
							<PerDataSpace>
								<item>2.50000000000000000e-01</item>
								<item>9.16666666666666630e-01</item>
								<item>0.00000000000000000e+00</item>
								<item>0.00000000000000000e+00</item>
								<item>0.00000000000000000e+00</item>
							</PerDataSpace>
						</read_bandwidth>
						<write_bandwidth>
							<PerDataSpace>
								<item>0.00000000000000000e+00</item>
								<item>0.00000000000000000e+00</item>
								<item>7.50000000000000000e-01</item>
								<item>0.00000000000000000e+00</item>
								<item>0.00000000000000000e+00</item>
							</PerDataSpace>
						</write_bandwidth>
						<energy_per_algorithmic_access>
							<PerDataSpace>
								<item>2.61709129198966384e+00</item>
								<item>6.24785454545454644e-01</item>
								<item>8.98056666666666725e-01</item>
								<item>0.00000000000000000e+00</item>
								<item>0.00000000000000000e+00</item>
							</PerDataSpace>
						</energy_per_algorithmic_access>
						<energy_per_access>
							<PerDataSpace>
								<item>3.92563693798449576e+00</item>
								<item>6.24785454545454644e-01</item>
								<item>8.98056666666666725e-01</item>
								<item>0.00000000000000000e+00</item>
								<item>0.00000000000000000e+00</item>
							</PerDataSpace>
						</energy_per_access>
						<energy>
							<PerDataSpace>
								<item>7.85127387596899151e+00</item>
								<item>6.87264000000000053e+00</item>
								<item>8.08251000000000097e+00</item>
								<item>0.00000000000000000e+00</item>
								<item>0.00000000000000000e+00</item>
							</PerDataSpace>
						</energy>
						<temporal_reduction_energy>
							<PerDataSpace>
								<item>0.00000000000000000e+00</item>
								<item>0.00000000000000000e+00</item>
								<item>0.00000000000000000e+00</item>
								<item>0.00000000000000000e+00</item>
								<item>0.00000000000000000e+00</item>
							</PerDataSpace>
						</temporal_reduction_energy>
						<addr_gen_energy>
							<PerDataSpace>
								<item>0.00000000000000000e+00</item>
								<item>0.00000000000000000e+00</item>
								<item>0.00000000000000000e+00</item>
								<item>0.00000000000000000e+00</item>
								<item>0.00000000000000000e+00</item>
							</PerDataSpace>
						</addr_gen_energy>
						<cycles>12</cycles>
						<slowdown>1.00000000000000000e+00</slowdown>
						<format_shared_bandwidth_ratio>
							<PerDataSpace>
								<item>3.33333333333333315e-01</item>
								<item>0.00000000000000000e+00</item>
								<item>0.00000000000000000e+00</item>
								<item>0.00000000000000000e+00</item>
								<item>0.00000000000000000e+00</item>
							</PerDataSpace>
						</format_shared_bandwidth_ratio>
						<format_read_bandwidth_ratio>
							<PerDataSpace>
								<item>3.33333333333333315e-01</item>
								<item>0.00000000000000000e+00</item>
								<item>0.00000000000000000e+00</item>
								<item>0.00000000000000000e+00</item>
								<item>0.00000000000000000e+00</item>
							</PerDataSpace>
						</format_read_bandwidth_ratio>
						<format_write_bandwidth_ratio>
							<PerDataSpace>
								<item>0.00000000000000000e+00</item>
								<item>0.00000000000000000e+00</item>
								<item>0.00000000000000000e+00</item>
								<item>0.00000000000000000e+00</item>
								<item>0.00000000000000000e+00</item>
							</PerDataSpace>
						</format_write_bandwidth_ratio>
					</stats_>
				</px>
			</item>
		</levels_>
		<networks_ class_id="23" tracking_level="0" version="0">
			<count>2</count>
			<item_version>0</item_version>
			<item class_id="24" tracking_level="0" version="0">
				<first>BackingStorage &lt;==&gt; Buffer</first>
				<second class_id="25" tracking_level="0" version="1">
					<px class_id="26" class_name="model::LegacyNetwork" tracking_level="1" version="0" object_id="_3">
						<Network class_id="27" tracking_level="0" version="0"></Network>
						<specs_ class_id="28" tracking_level="0" version="0">
							<NetworkSpecs class_id="29" tracking_level="0" version="0">
								<name>BackingStorage &lt;==&gt; Buffer</name>
							</NetworkSpecs>
							<word_bits>
								<t_>8</t_>
							</word_bits>
							<router_energy></router_energy>
							<wire_energy></wire_energy>
							<tile_width>
								<t_>9.65152714954267594e+01</t_>
							</tile_width>
							<energy_per_hop></energy_per_hop>
							<ingress_energy></ingress_energy>
							<fill_latency>
								<t_>0</t_>
							</fill_latency>
							<drain_latency>
								<t_>0</t_>
							</drain_latency>
						</specs_>
						<stats_ class_id="30" tracking_level="0" version="0">
							<fanout>
								<PerDataSpace>
									<item>1</item>
									<item>1</item>
									<item>1</item>
									<item>0</item>
									<item>0</item>
								</PerDataSpace>
							</fanout>
							<multicast_factor>
								<PerDataSpace>
									<item>1</item>
									<item>1</item>
									<item>1</item>
									<item>0</item>
									<item>0</item>
								</PerDataSpace>
							</multicast_factor>
							<distributed_multicast_factor>
								<PerDataSpace>
									<item>0</item>
									<item>0</item>
									<item>0</item>
									<item>0</item>
									<item>0</item>
								</PerDataSpace>
							</distributed_multicast_factor>
							<distributed_multicast>
								<PerDataSpace>
									<item>0</item>
									<item>0</item>
									<item>0</item>
									<item>0</item>
									<item>0</item>
								</PerDataSpace>
							</distributed_multicast>
							<link_transfers>
								<PerDataSpace>
									<item>0</item>
									<item>0</item>
									<item>0</item>
									<item>0</item>
									<item>0</item>
								</PerDataSpace>
							</link_transfers>
							<spatial_reductions>
								<PerDataSpace>
									<item>0</item>
									<item>0</item>
									<item>0</item>
									<item>0</item>
									<item>0</item>
								</PerDataSpace>
							</spatial_reductions>
							<link_transfer_energy>
								<PerDataSpace>
									<item>0.00000000000000000e+00</item>
									<item>0.00000000000000000e+00</item>
									<item>0.00000000000000000e+00</item>
									<item>0.00000000000000000e+00</item>
									<item>0.00000000000000000e+00</item>
								</PerDataSpace>
							</link_transfer_energy>
							<num_hops>
								<PerDataSpace>
									<item>0.00000000000000000e+00</item>
									<item>0.00000000000000000e+00</item>
									<item>0.00000000000000000e+00</item>
									<item>0.00000000000000000e+00</item>
									<item>0.00000000000000000e+00</item>
								</PerDataSpace>
							</num_hops>
							<energy_per_hop>
								<PerDataSpace>
									<item>0.00000000000000000e+00</item>
									<item>0.00000000000000000e+00</item>
									<item>0.00000000000000000e+00</item>
									<item>0.00000000000000000e+00</item>
									<item>0.00000000000000000e+00</item>
								</PerDataSpace>
							</energy_per_hop>
							<energy>
								<PerDataSpace>
									<item>0.00000000000000000e+00</item>
									<item>0.00000000000000000e+00</item>
									<item>0.00000000000000000e+00</item>
									<item>0.00000000000000000e+00</item>
									<item>0.00000000000000000e+00</item>
								</PerDataSpace>
							</energy>
							<spatial_reduction_energy>
								<PerDataSpace>
									<item>0.00000000000000000e+00</item>
									<item>0.00000000000000000e+00</item>
									<item>0.00000000000000000e+00</item>
									<item>0.00000000000000000e+00</item>
									<item>0.00000000000000000e+00</item>
								</PerDataSpace>
							</spatial_reduction_energy>
						</stats_>
					</px>
				</second>
			</item>
			<item>
				<first>Buffer &lt;==&gt; mac</first>
				<second>
					<px class_id_reference="26" object_id="_4">
						<Network></Network>
						<specs_>
							<NetworkSpecs>
								<name>Buffer &lt;==&gt; mac</name>
							</NetworkSpecs>
							<word_bits>
								<t_>8</t_>
							</word_bits>
							<router_energy></router_energy>
							<wire_energy></wire_energy>
							<tile_width>
								<t_>3.05220907288628815e+01</t_>
							</tile_width>
							<energy_per_hop></energy_per_hop>
							<ingress_energy></ingress_energy>
							<fill_latency>
								<t_>0</t_>
							</fill_latency>
							<drain_latency>
								<t_>0</t_>
							</drain_latency>
						</specs_>
						<stats_>
							<fanout>
								<PerDataSpace>
									<item>1</item>
									<item>1</item>
									<item>1</item>
									<item>0</item>
									<item>0</item>
								</PerDataSpace>
							</fanout>
							<multicast_factor>
								<PerDataSpace>
									<item>1</item>
									<item>1</item>
									<item>1</item>
									<item>0</item>
									<item>0</item>
								</PerDataSpace>
							</multicast_factor>
							<distributed_multicast_factor>
								<PerDataSpace>
									<item>0</item>
									<item>0</item>
									<item>0</item>
									<item>0</item>
									<item>0</item>
								</PerDataSpace>
							</distributed_multicast_factor>
							<distributed_multicast>
								<PerDataSpace>
									<item>0</item>
									<item>0</item>
									<item>0</item>
									<item>0</item>
									<item>0</item>
								</PerDataSpace>
							</distributed_multicast>
							<link_transfers>
								<PerDataSpace>
									<item>0</item>
									<item>0</item>
									<item>0</item>
									<item>0</item>
									<item>0</item>
								</PerDataSpace>
							</link_transfers>
							<spatial_reductions>
								<PerDataSpace>
									<item>0</item>
									<item>0</item>
									<item>0</item>
									<item>0</item>
									<item>0</item>
								</PerDataSpace>
							</spatial_reductions>
							<link_transfer_energy>
								<PerDataSpace>
									<item>0.00000000000000000e+00</item>
									<item>0.00000000000000000e+00</item>
									<item>0.00000000000000000e+00</item>
									<item>0.00000000000000000e+00</item>
									<item>0.00000000000000000e+00</item>
								</PerDataSpace>
							</link_transfer_energy>
							<num_hops>
								<PerDataSpace>
									<item>0.00000000000000000e+00</item>
									<item>0.00000000000000000e+00</item>
									<item>0.00000000000000000e+00</item>
									<item>0.00000000000000000e+00</item>
									<item>0.00000000000000000e+00</item>
								</PerDataSpace>
							</num_hops>
							<energy_per_hop>
								<PerDataSpace>
									<item>0.00000000000000000e+00</item>
									<item>0.00000000000000000e+00</item>
									<item>0.00000000000000000e+00</item>
									<item>0.00000000000000000e+00</item>
									<item>0.00000000000000000e+00</item>
								</PerDataSpace>
							</energy_per_hop>
							<energy>
								<PerDataSpace>
									<item>0.00000000000000000e+00</item>
									<item>0.00000000000000000e+00</item>
									<item>0.00000000000000000e+00</item>
									<item>0.00000000000000000e+00</item>
									<item>0.00000000000000000e+00</item>
								</PerDataSpace>
							</energy>
							<spatial_reduction_energy>
								<PerDataSpace>
									<item>0.00000000000000000e+00</item>
									<item>0.00000000000000000e+00</item>
									<item>0.00000000000000000e+00</item>
									<item>0.00000000000000000e+00</item>
									<item>0.00000000000000000e+00</item>
								</PerDataSpace>
							</spatial_reduction_energy>
						</stats_>
					</px>
				</second>
			</item>
		</networks_>
	</topology_>
</engine>
<mapping class_id="31" tracking_level="0" version="0">
	<dataspace_bypass_nest_>
		<item class_id="32" tracking_level="0" version="0">
			<bits>00000000000000000000000000000011</bits>
		</item>
		<item>
			<bits>00000000000000000000000000000011</bits>
		</item>
		<item>
			<bits>00000000000000000000000000000011</bits>
		</item>
		<item>
			<bits>00000000000000000000000000000000</bits>
		</item>
		<item>
			<bits>00000000000000000000000000000000</bits>
		</item>
	</dataspace_bypass_nest_>
</mapping>
<a class_id="33" tracking_level="1" version="0" object_id="_5">
	<workload_ class_id="34" tracking_level="0" version="0">
		<factorized_bounds_ class_id="35" tracking_level="0" version="0">
			<count>2</count>
			<item_version>0</item_version>
			<item class_id="36" tracking_level="0" version="0">
				<first>0</first>
				<second>3</second>
			</item>
			<item>
				<first>1</first>
				<second>9</second>
			</item>
		</factorized_bounds_>
		<coefficients_>
			<count>0</count>
			<item_version>0</item_version>
		</coefficients_>
		<densities_ class_id="37" tracking_level="0" version="0">
			<count>3</count>
			<item_version>0</item_version>
			<item class_id="38" tracking_level="0" version="0">
				<first>0</first>
				<second class_id="39" tracking_level="0" version="1">
					<px class_id="40" class_name="problem::FixedStructuredDistribution" tracking_level="1" version="0" object_id="_6">
						<DensityDistribution class_id="41" tracking_level="0" version="0"></DensityDistribution>
						<specs_ class_id="42" tracking_level="0" version="0">
							<DensityDistributionSpecs class_id="43" tracking_level="0" version="0">
								<type>UNSET</type>
							</DensityDistributionSpecs>
							<type>fixed_structured</type>
							<fixed_density>4.29999999999999993e-01</fixed_density>
						</specs_>
					</px>
				</second>
			</item>
			<item>
				<first>1</first>
				<second>
					<px class_id_reference="40" object_id="_7">
						<DensityDistribution></DensityDistribution>
						<specs_>
							<DensityDistributionSpecs>
								<type>UNSET</type>
							</DensityDistributionSpecs>
							<type>fixed_structured</type>
							<fixed_density>1.00000000000000000e+00</fixed_density>
						</specs_>
					</px>
				</second>
			</item>
			<item>
				<first>2</first>
				<second>
					<px class_id_reference="40" object_id="_8">
						<DensityDistribution></DensityDistribution>
						<specs_>
							<DensityDistributionSpecs>
								<type>UNSET</type>
							</DensityDistributionSpecs>
							<type>fixed_structured</type>
							<fixed_density>1.00000000000000000e+00</fixed_density>
						</specs_>
					</px>
				</second>
			</item>
		</densities_>
	</workload_>
</a>
</boost_serialization>

