<?xml version="1.0" encoding="UTF-8" standalone="yes" ?>
<!DOCTYPE boost_serialization>
<boost_serialization signature="serialization::archive" version="18">
<engine class_id="0" tracking_level="0" version="0">
	<topology_ class_id="1" tracking_level="0" version="0">
		<levels_ class_id="2" tracking_level="0" version="0">
			<count>2</count>
			<item_version>1</item_version>
			<item class_id="3" tracking_level="0" version="1">
				<px class_id="4" class_name="model::ArithmeticUnits" tracking_level="1" version="0" object_id="_0">
					<Level class_id="5" tracking_level="0" version="0"></Level>
					<specs_ class_id="6" tracking_level="0" version="0">
						<LevelSpecs class_id="7" tracking_level="0" version="0">
							<level_name>mac</level_name>
						</LevelSpecs>
						<instances class_id="8" tracking_level="0" version="0">
							<t_>1</t_>
						</instances>
						<meshX>
							<t_>1</t_>
						</meshX>
						<meshY>
							<t_>1</t_>
						</meshY>
						<word_bits>
							<t_>16</t_>
						</word_bits>
					</specs_>
					<energy_>1.26000000000000001e+00</energy_>
					<area_>4.17000000000000000e+02</area_>
					<cycles_>4</cycles_>
					<utilized_instances_>1</utilized_instances_>
					<avg_utilized_instances_>1</avg_utilized_instances_>
					<algorithmic_computes_>16</algorithmic_computes_>
					<random_computes_>4</random_computes_>
					<gated_computes_>0</gated_computes_>
					<skipped_computes_>0</skipped_computes_>
				</px>
			</item>
			<item>
				<px class_id="9" class_name="model::BufferLevel" tracking_level="1" version="0" object_id="_1">
					<Level></Level>
					<subnest_ class_id="10" tracking_level="0" version="0">
						<count>1</count>
						<item_version>0</item_version>
						<item class_id="11" tracking_level="0" version="0">
							<dimension>0</dimension>
							<start>0</start>
							<end>16</end>
							<stride>1</stride>
							<spacetime_dimension>0</spacetime_dimension>
						</item>
					</subnest_>
					<specs_ class_id="12" tracking_level="0" version="0">
						<LevelSpecs>
							<level_name>Buffer</level_name>
						</LevelSpecs>
						<name class_id="13" tracking_level="0" version="0">
							<t_>Buffer</t_>
						</name>
						<technology class_id="14" tracking_level="0" version="0">
							<t_>0</t_>
						</technology>
						<size>
							<t_>64</t_>
						</size>
						<word_bits>
							<t_>8</t_>
						</word_bits>
						<addr_gen_bits>
							<t_>6</t_>
						</addr_gen_bits>
						<block_size>
							<t_>1</t_>
						</block_size>
						<cluster_size>
							<t_>1</t_>
						</cluster_size>
						<instances>
							<t_>1</t_>
						</instances>
						<meshX>
							<t_>1</t_>
						</meshX>
						<meshY>
							<t_>1</t_>
						</meshY>
						<shared_bandwidth class_id="15" tracking_level="0" version="0"></shared_bandwidth>
						<read_bandwidth>
							<t_>3.00000000000000000e+00</t_>
						</read_bandwidth>
						<write_bandwidth>
							<t_>1.00000000000000000e+00</t_>
						</write_bandwidth>
						<bandwidth_consumption_scale class_id="16" tracking_level="0" version="0">
							<PerDataSpace>
								<item>1.00000000000000000e+00</item>
								<item>1.00000000000000000e+00</item>
								<item>1.00000000000000000e+00</item>
							</PerDataSpace>
						</bandwidth_consumption_scale>
						<multiple_buffering>
							<t_>1.00000000000000000e+00</t_>
						</multiple_buffering>
						<min_utilization>
							<t_>0.00000000000000000e+00</t_>
						</min_utilization>
						<num_ports>
							<t_>2</t_>
						</num_ports>
						<num_banks>
							<t_>2</t_>
						</num_banks>
						<read_network_name></read_network_name>
						<fill_network_name></fill_network_name>
						<drain_network_name></drain_network_name>
						<update_network_name></update_network_name>
						<power_gated_at_name>
							<t_>Buffer</t_>
						</power_gated_at_name>
					</specs_>
					<stats_ class_id="17" tracking_level="0" version="0">
						<keep class_id="18" tracking_level="0" version="0">
							<PerDataSpace>
								<item>1</item>
								<item>1</item>
								<item>1</item>
							</PerDataSpace>
						</keep>
						<partition_size class_id="19" tracking_level="0" version="0">
							<PerDataSpace>
								<item>16</item>
								<item>16</item>
								<item>1</item>
							</PerDataSpace>
						</partition_size>
						<utilized_capacity>
							<PerDataSpace>
								<item>16</item>
								<item>16</item>
								<item>1</item>
							</PerDataSpace>
						</utilized_capacity>
						<utilized_instances>
							<PerDataSpace>
								<item>1.00000000000000000e+00</item>
								<item>1.00000000000000000e+00</item>
								<item>1.00000000000000000e+00</item>
							</PerDataSpace>
						</utilized_instances>
						<utilized_clusters>
							<PerDataSpace>
								<item>1</item>
								<item>1</item>
								<item>1</item>
							</PerDataSpace>
						</utilized_clusters>
						<reads>
							<PerDataSpace>
								<item>16</item>
								<item>16</item>
								<item>15</item>
							</PerDataSpace>
						</reads>
						<updates>
							<PerDataSpace>
								<item>0</item>
								<item>0</item>
								<item>16</item>
							</PerDataSpace>
						</updates>
						<fills>
							<PerDataSpace>
								<item>0</item>
								<item>0</item>
								<item>0</item>
							</PerDataSpace>
						</fills>
						<gated_reads>
							<PerDataSpace>
								<item>0</item>
								<item>12</item>
								<item>12</item>
							</PerDataSpace>
						</gated_reads>
						<skipped_reads>
							<PerDataSpace>
								<item>0</item>
								<item>0</item>
								<item>0</item>
							</PerDataSpace>
						</skipped_reads>
						<random_reads>
							<PerDataSpace>
								<item>16</item>
								<item>4</item>
								<item>3</item>
							</PerDataSpace>
						</random_reads>
						<gated_fills>
							<PerDataSpace>
								<item>0</item>
								<item>0</item>
								<item>0</item>
							</PerDataSpace>
						</gated_fills>
						<skipped_fills>
							<PerDataSpace>
								<item>0</item>
								<item>0</item>
								<item>0</item>
							</PerDataSpace>
						</skipped_fills>
						<random_fills>
							<PerDataSpace>
								<item>0</item>
								<item>0</item>
								<item>0</item>
							</PerDataSpace>
						</random_fills>
						<gated_updates>
							<PerDataSpace>
								<item>0</item>
								<item>0</item>
								<item>12</item>
							</PerDataSpace>
						</gated_updates>
						<skipped_updates>
							<PerDataSpace>
								<item>0</item>
								<item>0</item>
								<item>0</item>
							</PerDataSpace>
						</skipped_updates>
						<random_updates>
							<PerDataSpace>
								<item>0</item>
								<item>0</item>
								<item>4</item>
							</PerDataSpace>
						</random_updates>
						<random_format_reads class_id="20" tracking_level="0" version="0">
							<PerDataSpace>
								<item class_id="21" tracking_level="0" version="0">
									<count>0</count>
									<item_version>0</item_version>
								</item>
								<item>
									<count>0</count>
									<item_version>0</item_version>
								</item>
								<item>
									<count>0</count>
									<item_version>0</item_version>
								</item>
							</PerDataSpace>
						</random_format_reads>
						<gated_format_reads>
							<PerDataSpace>
								<item>
									<count>0</count>
									<item_version>0</item_version>
								</item>
								<item>
									<count>0</count>
									<item_version>0</item_version>
								</item>
								<item>
									<count>0</count>
									<item_version>0</item_version>
								</item>
							</PerDataSpace>
						</gated_format_reads>
						<skipped_format_reads>
							<PerDataSpace>
								<item>
									<count>0</count>
									<item_version>0</item_version>
								</item>
								<item>
									<count>0</count>
									<item_version>0</item_version>
								</item>
								<item>
									<count>0</count>
									<item_version>0</item_version>
								</item>
							</PerDataSpace>
						</skipped_format_reads>
						<random_format_fills>
							<PerDataSpace>
								<item>
									<count>0</count>
									<item_version>0</item_version>
								</item>
								<item>
									<count>0</count>
									<item_version>0</item_version>
								</item>
								<item>
									<count>0</count>
									<item_version>0</item_version>
								</item>
							</PerDataSpace>
						</random_format_fills>
						<gated_format_fills>
							<PerDataSpace>
								<item>
									<count>0</count>
									<item_version>0</item_version>
								</item>
								<item>
									<count>0</count>
									<item_version>0</item_version>
								</item>
								<item>
									<count>0</count>
									<item_version>0</item_version>
								</item>
							</PerDataSpace>
						</gated_format_fills>
						<skipped_format_fills>
							<PerDataSpace>
								<item>
									<count>0</count>
									<item_version>0</item_version>
								</item>
								<item>
									<count>0</count>
									<item_version>0</item_version>
								</item>
								<item>
									<count>0</count>
									<item_version>0</item_version>
								</item>
							</PerDataSpace>
						</skipped_format_fills>
						<random_format_updates>
							<PerDataSpace>
								<item>
									<count>0</count>
									<item_version>0</item_version>
								</item>
								<item>
									<count>0</count>
									<item_version>0</item_version>
								</item>
								<item>
									<count>0</count>
									<item_version>0</item_version>
								</item>
							</PerDataSpace>
						</random_format_updates>
						<gated_format_updates>
							<PerDataSpace>
								<item>
									<count>0</count>
									<item_version>0</item_version>
								</item>
								<item>
									<count>0</count>
									<item_version>0</item_version>
								</item>
								<item>
									<count>0</count>
									<item_version>0</item_version>
								</item>
							</PerDataSpace>
						</gated_format_updates>
						<skipped_format_updates>
							<PerDataSpace>
								<item>
									<count>0</count>
									<item_version>0</item_version>
								</item>
								<item>
									<count>0</count>
									<item_version>0</item_version>
								</item>
								<item>
									<count>0</count>
									<item_version>0</item_version>
								</item>
							</PerDataSpace>
						</skipped_format_updates>
						<decompression_counts>
							<PerDataSpace>
								<item>0</item>
								<item>0</item>
								<item>0</item>
							</PerDataSpace>
						</decompression_counts>
						<compression_counts>
							<PerDataSpace>
								<item>0</item>
								<item>0</item>
								<item>0</item>
							</PerDataSpace>
						</compression_counts>
						<address_generations>
							<PerDataSpace>
								<item>16</item>
								<item>16</item>
								<item>16</item>
							</PerDataSpace>
						</address_generations>
						<temporal_reductions>
							<PerDataSpace>
								<item>0</item>
								<item>0</item>
								<item>4</item>
							</PerDataSpace>
						</temporal_reductions>
						<shared_bandwidth>
							<PerDataSpace>
								<item>1.00000000000000000e+00</item>
								<item>1.00000000000000000e+00</item>
								<item>1.93750000000000000e+00</item>
							</PerDataSpace>
						</shared_bandwidth>
						<read_bandwidth>
							<PerDataSpace>
								<item>1.00000000000000000e+00</item>
								<item>1.00000000000000000e+00</item>
								<item>9.37500000000000000e-01</item>
							</PerDataSpace>
						</read_bandwidth>
						<write_bandwidth>
							<PerDataSpace>
								<item>0.00000000000000000e+00</item>
								<item>0.00000000000000000e+00</item>
								<item>1.00000000000000000e+00</item>
							</PerDataSpace>
						</write_bandwidth>
						<energy_per_algorithmic_access>
							<PerDataSpace>
								<item>1.95808000000000004e+00</item>
								<item>4.89520000000000011e-01</item>
								<item>4.32856774193548344e-01</item>
							</PerDataSpace>
						</energy_per_algorithmic_access>
						<energy_per_access>
							<PerDataSpace>
								<item>1.95808000000000004e+00</item>
								<item>1.95808000000000004e+00</item>
								<item>1.91693714285714267e+00</item>
							</PerDataSpace>
						</energy_per_access>
						<energy>
							<PerDataSpace>
								<item>3.13292800000000007e+01</item>
								<item>7.83232000000000017e+00</item>
								<item>1.34185599999999994e+01</item>
							</PerDataSpace>
						</energy>
						<temporal_reduction_energy>
							<PerDataSpace>
								<item>0.00000000000000000e+00</item>
								<item>0.00000000000000000e+00</item>
								<item>0.00000000000000000e+00</item>
							</PerDataSpace>
						</temporal_reduction_energy>
						<addr_gen_energy>
							<PerDataSpace>
								<item>0.00000000000000000e+00</item>
								<item>0.00000000000000000e+00</item>
								<item>0.00000000000000000e+00</item>
							</PerDataSpace>
						</addr_gen_energy>
						<cycles>16</cycles>
						<slowdown>2.50000000000000000e-01</slowdown>
						<format_shared_bandwidth_ratio>
							<PerDataSpace>
								<item>0.00000000000000000e+00</item>
								<item>0.00000000000000000e+00</item>
								<item>0.00000000000000000e+00</item>
							</PerDataSpace>
						</format_shared_bandwidth_ratio>
						<format_read_bandwidth_ratio>
							<PerDataSpace>
								<item>0.00000000000000000e+00</item>
								<item>0.00000000000000000e+00</item>
								<item>0.00000000000000000e+00</item>
							</PerDataSpace>
						</format_read_bandwidth_ratio>
						<format_write_bandwidth_ratio>
							<PerDataSpace>
								<item>0.00000000000000000e+00</item>
								<item>0.00000000000000000e+00</item>
								<item>0.00000000000000000e+00</item>
							</PerDataSpace>
						</format_write_bandwidth_ratio>
					</stats_>
				</px>
			</item>
		</levels_>
		<networks_ class_id="22" tracking_level="0" version="0">
			<count>1</count>
			<item_version>0</item_version>
			<item class_id="23" tracking_level="0" version="0">
				<first>Buffer &lt;==&gt; mac</first>
				<second class_id="24" tracking_level="0" version="1">
					<px class_id="25" class_name="model::LegacyNetwork" tracking_level="1" version="0" object_id="_2">
						<Network class_id="26" tracking_level="0" version="0"></Network>
						<specs_ class_id="27" tracking_level="0" version="0">
							<NetworkSpecs class_id="28" tracking_level="0" version="0">
								<name>Buffer &lt;==&gt; mac</name>
							</NetworkSpecs>
							<word_bits>
								<t_>8</t_>
							</word_bits>
							<router_energy></router_energy>
							<wire_energy></wire_energy>
							<tile_width>
								<t_>2.04205778566621383e+01</t_>
							</tile_width>
							<energy_per_hop></energy_per_hop>
							<ingress_energy></ingress_energy>
							<fill_latency>
								<t_>0</t_>
							</fill_latency>
							<drain_latency>
								<t_>0</t_>
							</drain_latency>
						</specs_>
						<stats_ class_id="29" tracking_level="0" version="0">
							<fanout>
								<PerDataSpace>
									<item>1</item>
									<item>1</item>
									<item>1</item>
								</PerDataSpace>
							</fanout>
							<multicast_factor>
								<PerDataSpace>
									<item>1</item>
									<item>1</item>
									<item>1</item>
								</PerDataSpace>
							</multicast_factor>
							<distributed_multicast_factor>
								<PerDataSpace>
									<item>0</item>
									<item>0</item>
									<item>0</item>
								</PerDataSpace>
							</distributed_multicast_factor>
							<distributed_multicast>
								<PerDataSpace>
									<item>0</item>
									<item>0</item>
									<item>0</item>
								</PerDataSpace>
							</distributed_multicast>
							<link_transfers>
								<PerDataSpace>
									<item>0</item>
									<item>0</item>
									<item>0</item>
								</PerDataSpace>
							</link_transfers>
							<spatial_reductions>
								<PerDataSpace>
									<item>0</item>
									<item>0</item>
									<item>0</item>
								</PerDataSpace>
							</spatial_reductions>
							<link_transfer_energy>
								<PerDataSpace>
									<item>0.00000000000000000e+00</item>
									<item>0.00000000000000000e+00</item>
									<item>0.00000000000000000e+00</item>
								</PerDataSpace>
							</link_transfer_energy>
							<num_hops>
								<PerDataSpace>
									<item>0.00000000000000000e+00</item>
									<item>0.00000000000000000e+00</item>
									<item>0.00000000000000000e+00</item>
								</PerDataSpace>
							</num_hops>
							<energy_per_hop>
								<PerDataSpace>
									<item>0.00000000000000000e+00</item>
									<item>0.00000000000000000e+00</item>
									<item>0.00000000000000000e+00</item>
								</PerDataSpace>
							</energy_per_hop>
							<energy>
								<PerDataSpace>
									<item>0.00000000000000000e+00</item>
									<item>0.00000000000000000e+00</item>
									<item>0.00000000000000000e+00</item>
								</PerDataSpace>
							</energy>
							<spatial_reduction_energy>
								<PerDataSpace>
									<item>0.00000000000000000e+00</item>
									<item>0.00000000000000000e+00</item>
									<item>0.00000000000000000e+00</item>
								</PerDataSpace>
							</spatial_reduction_energy>
						</stats_>
					</px>
				</second>
			</item>
		</networks_>
	</topology_>
</engine>
<mapping class_id="30" tracking_level="0" version="0">
	<datatype_bypass_nest>
		<item class_id="31" tracking_level="0" version="0">
			<bits>00000000000000000000000000000001</bits>
		</item>
		<item>
			<bits>00000000000000000000000000000001</bits>
		</item>
		<item>
			<bits>00000000000000000000000000000001</bits>
		</item>
	</datatype_bypass_nest>
</mapping>
<a class_id="32" tracking_level="1" version="0" object_id="_3">
	<workload_ class_id="33" tracking_level="0" version="0">
		<factorized_bounds_ class_id="34" tracking_level="0" version="0">
			<count>2</count>
			<item_version>0</item_version>
			<item class_id="35" tracking_level="0" version="0">
				<first>0</first>
				<second>16</second>
			</item>
			<item>
				<first>1</first>
				<second>1</second>
			</item>
		</factorized_bounds_>
		<coefficients_>
			<count>0</count>
			<item_version>0</item_version>
		</coefficients_>
		<densities_ class_id="36" tracking_level="0" version="0">
			<count>3</count>
			<item_version>0</item_version>
			<item class_id="37" tracking_level="0" version="0">
				<first>0</first>
				<second class_id="38" tracking_level="0" version="1">
					<px class_id="39" class_name="problem::FixedStructuredDistribution" tracking_level="1" version="0" object_id="_4">
						<DensityDistribution class_id="40" tracking_level="0" version="0"></DensityDistribution>
						<specs_ class_id="41" tracking_level="0" version="0">
							<DensityDistributionSpecs class_id="42" tracking_level="0" version="0">
								<type>UNSET</type>
							</DensityDistributionSpecs>
							<type>fixed_structured</type>
							<fixed_density>2.50000000000000000e-01</fixed_density>
						</specs_>
					</px>
				</second>
			</item>
			<item>
				<first>1</first>
				<second>
					<px class_id_reference="39" object_id="_5">
						<DensityDistribution></DensityDistribution>
						<specs_>
							<DensityDistributionSpecs>
								<type>UNSET</type>
							</DensityDistributionSpecs>
							<type>fixed_structured</type>
							<fixed_density>1.00000000000000000e+00</fixed_density>
						</specs_>
					</px>
				</second>
			</item>
			<item>
				<first>2</first>
				<second>
					<px class_id_reference="39" object_id="_6">
						<DensityDistribution></DensityDistribution>
						<specs_>
							<DensityDistributionSpecs>
								<type>UNSET</type>
							</DensityDistributionSpecs>
							<type>fixed_structured</type>
							<fixed_density>1.00000000000000000e+00</fixed_density>
						</specs_>
					</px>
				</second>
			</item>
		</densities_>
	</workload_>
</a>
</boost_serialization>

